temp,humidity,wind,precipitation,ndvi,fire_occurred
32.483570765056164,30.048954935544185,3.286032136527867,3.135083825954249,0.21477556561441605,0
29.308678494144075,26.274070420064014,0.5508204375123171,0.2309846942703749,0.22115641754828586,0
33.23844269050346,58.1858149726182,1.6203863119603708,1.412262589191605,0.4462171874734552,0
37.61514928204013,62.388543589214066,5.0829097400812735,4.886084607366444,0.5765438593292237,0
28.829233126383322,21.895168689538522,12.038785193697192,1.7046875528385599,0.1644923241356814,1
28.8293152152541,76.17273477462139,8.580729650539512,17.6155603798828,0.8516548712201326,0
37.896064077536955,23.118277019088346,7.690015889346246,2.4565345366731215,0.7041068939561568,1
33.837173645764544,52.47778011806423,4.402332348121824,1.1621189726839423,0.5692991346269302,1
27.65262807032524,62.54363116705498,13.976305791492246,0.74581228501101,0.7627509367511927,0
32.712800217929825,72.25814742476513,5.955225618557875,1.2947521767011452,0.16414940544969064,0
27.682911535937688,62.84521592794567,1.3063915019365724,1.3981939058812687,0.4814711021864996,0
27.671351232148716,68.10368498418751,9.255997741767018,0.21356551878793512,0.6040745014893307,0
31.20981135783017,40.367011552568364,1.707575902149021,1.3840794419121643,0.7629223248946314,1
20.43359877671101,68.88950682479074,5.178347142025381,1.872198649399444,0.7267756480394142,1
21.375410837434835,24.806890783080508,7.611179080767133,3.848374433558763,0.3216553997707197,0
27.188562353795135,73.68899936363167,13.113337870277636,3.207709405125924,0.8527041356473635,0
24.93584439832788,52.85554256922418,7.40319870510178,3.7008810822200005,0.1994766731446963,1
31.571236662976368,69.03786619774962,10.533881490474965,0.025196561136350368,0.8001068948969218,1
25.459879622393945,47.13909707109801,14.892252584986055,0.736425925891029,0.8767521996836949,0
22.938481493323543,58.6146617117915,1.9723367984697244,3.251327284413711,0.24172281857810046,0
37.32824384460777,51.58415965616679,4.120972882792793,1.9848837282300735,0.6776528513630282,0
28.871118497567323,63.89537130531991,5.918641133964696,0.01598292715641961,0.1322284150223988,1
30.33764102343962,24.897798921835374,6.3274226780824705,4.896502486474215,0.42433826011132403,0
22.87625906893272,23.621125039433828,6.165316128983187,4.445900186951632,0.5130266393581392,0
27.278086377374088,34.82619404060878,13.614165038348323,2.385002643486705,0.5645161807277073,0
30.55461294854933,29.5726808067913,10.710489667002847,0.2063250899292837,0.8487497985988476,0
24.245032112888488,72.3070139955321,9.118578211360557,4.363912967729938,0.6378005498353557,0
31.87849009172836,33.15283924148266,4.640590767941731,2.6291452937751543,0.48502236097538964,1
26.996806550405974,78.55191534914788,12.35685576331942,4.569229926075843,0.7477400290127115,0
28.541531251033618,40.213747506266415,14.325907672274834,4.179920582721129,0.8604262567635271,0
26.991466938853016,30.927074941321955,12.317974238253399,4.873686203555793,0.11765291894583269,0
39.26139092254469,67.38191042854875,0.023476577872093563,2.1894837010526333,0.886017017804831,0
29.93251387631033,59.52246653005257,9.546020552751106,0.45360092305327226,0.16890571125094428,0
24.711445355220498,49.89174298718834,0.7670307216315109,3.3365288558823076,0.7515094234150091,0
34.11272456051594,53.321813056257874,3.8641083050058276,2.906494820805853,0.32426780204113004,0
23.895781750144888,63.15210669633583,0.8928705052165753,4.067332564885189,0.20574372620309742,0
31.044317975023777,33.70728447987793,9.056931794240816,0.5585586667905365,0.4518845117710679,0
20.201649380601122,79.78003496340452,10.298848702389101,0.6506465833825106,0.6151652635580909,0
23.359069755507846,78.487589728807,1.7173145709885769,6.633014232544376,0.40476147601878,1
30.984306179345616,59.01954118081621,5.7575832456746925,4.15861667661363,0.14365232662615918,1
33.69233289997705,31.972547055748706,6.84354763433313,7.165360091836682,0.5795689117269733,0
30.85684140594985,60.81369454587748,5.535795326413749,4.265333407868342,0.8219226208885398,0
29.421758588058797,24.33190453875055,1.8153750072778956,2.7276124979313456,0.4065722927578014,1
28.494481522053555,21.839150132348365,6.284216852812131,3.1851006316767765,0.27306622210466164,0
22.607390048162863,35.46097331067282,11.267670717126272,6.5981346305989605,0.4540618767462523,1
26.400778958026457,47.75737740435898,1.065114967998832,2.5939906056121065,0.1386901688390247,1
27.696806145201062,72.09635032450282,1.2027002112285516,3.002208863794218,0.7563900675842199,0
35.285611131094576,63.63014418597848,5.321569377539763,0.5105033200516286,0.7610726487601495,0
31.71809144784231,64.56239127199886,14.125885674283875,1.926912917450069,0.5704003707437028,1
21.18479922318633,45.52960006688452,10.02858970084371,3.7805409026142858,0.38248231115071163,0
31.620419846973974,40.75609955281777,10.180049350088472,0.9480088407899566,0.7398266915566267,0
28.074588597918417,42.262325779076164,5.428799862567974,0.6778957626953779,0.5437496198306938,0
26.615389998470206,79.25897382416346,8.904911868128076,1.1298756509258978,0.760745846840013,0
33.058381444204336,22.40655148474895,0.15196776041615068,0.8292399244030371,0.6051670340664165,0
35.154997612479754,72.02188976734692,9.541440696143134,0.7258808309776499,0.7275243785702379,1
34.65640059558099,54.7205245143436,13.69930421364355,1.6593776043493085,0.578850394574208,1
25.803912383886807,46.31692515137543,9.188602025172287,7.1526388703066655,0.431312854572533,0
28.453938120743928,63.51545962490819,13.105478901995175,2.1221012986758963,0.86635668794091,0
31.65631715701782,49.200136485482176,10.859595831991408,0.6244706713327756,0.5328910599030758,0
34.877725635611796,72.40539428489964,1.8083762460553539,0.2402860526653392,0.5840716148324308,0
27.60412881077355,74.04211184067552,13.536799609287625,3.5737240345615398,0.2763901115317994,0
29.071705116680914,45.30325561240733,0.9966576653366233,1.4476804698294807,0.6005206315418212,1
24.46832512996986,36.60966783410309,8.009512088216457,5.175067323364817,0.5572861195863551,1
24.018966879596647,55.541019715601735,2.132056856901865,3.232115339570292,0.24787071835761998,0
34.06262911197099,74.74180073700145,0.17559916096356099,4.772458701624969,0.14766967788251498,0
36.78120014285412,32.63973134033999,6.3305139019145855,0.9521403355631157,0.5834874557718169,0
29.63994939209833,57.37799501380897,4.425610614812344,3.536464524607246,0.7109538154802565,0
35.01766448946012,57.89361320555123,7.290007406964046,0.9198281464010425,0.5187210967376066,0
31.80818012523817,63.98678134491686,8.657998301018262,8.394013978053161,0.28141810025571656,0
26.77440122697438,27.894061107635586,0.6560860846342104,3.0348905589712736,0.633217581354428,1
31.80697802754207,62.949497880925314,1.8450494268561846,1.1769587716075784,0.1640845812876818,0
37.690182832329846,74.54195123993847,8.37963594675638,0.9421268595490446,0.4534669638415637,0
29.820869804450243,30.78098653221452,5.147510297589873,0.635596854878087,0.23069340671873617,1
37.82321827907003,34.25259949543266,10.93760231324172,3.5588010322724415,0.2475672408479067,0
16.901274479551276,78.28370564249838,9.784374728879095,0.7404481906125612,0.2618351593265629,0
34.10951252187612,30.858617162569388,12.684065444848603,2.713851891387439,0.4093656456351823,0
30.435235341190857,71.26310560217475,10.38739240003838,0.9221650230272971,0.1409201644963181,0
28.504963247670663,49.53667138688209,6.448966160852222,3.2538525252350468,0.4182347527432786,1
30.45880388267751,34.833864464190626,10.094499335916487,5.061221145868903,0.5093659576917607,0
20.062155426995538,72.24499407635068,4.130717613831278,4.515574834301653,0.48663542797306014,1
28.90164056081244,46.71831530015993,4.59470248167319,4.29200962237956,0.4062272803224325,0
31.78556285755873,50.88904123578141,11.8347773988119,0.6237393969958005,0.771317286456602,0
37.38947022370758,41.55400216398594,6.696292746023732,0.27761240701523937,0.2162613539364033,1
27.40864890863176,55.57705108609564,11.975705107775287,3.601425070971543,0.5045573950250992,0
25.95753198553406,29.811432355101367,12.336335605024177,1.3782462741593369,0.14963313356524344,0
27.491214782077318,43.46489219910564,12.863435064919257,1.6987307989238567,0.1569245431023278,0
34.57701058851037,78.16473934011725,13.74952853761811,0.09493362438391142,0.5590926797416771,0
31.643755548298422,35.48800596206765,6.464778307699444,0.9015986720347424,0.5528147399102568,0
27.351198981164806,59.404199872477534,4.783002274817083,0.10276954568273935,0.8024268102755656,0
32.56633716556678,39.511403853481696,8.732981198911707,6.340503671810368,0.5462989405280586,0
30.4853877467402,66.40838754119605,5.5675863515644135,0.8367485489848367,0.8678328163238802,0
34.84322495266444,27.85241964310099,9.016112502003494,2.4448407115665116,0.13895587871994383,1
26.489734530613237,78.18926270471269,10.58378793965737,0.11927805504163788,0.17840614782459285,0
28.361689267011158,47.22737248301836,10.326075277382053,3.2974638288435245,0.13525268925630513,1
28.039459234339212,34.16302780078784,5.618293305301821,1.1703731982969912,0.24822148026683202,0
22.682425259339407,24.40980483980076,2.5029030254812925,6.845971483982902,0.5330160887533425,0
31.48060138532288,30.185474305252445,6.457940076933113,6.570936669611224,0.6164577451419424,1
31.305276360899448,51.186436913361064,2.138912161228631,1.180419679626408,0.13646812635893504,0
30.025567283212304,40.22019058587718,13.351455527757125,6.936721541433538,0.8567767118764794,1
28.827064333124266,69.73300195295657,5.188161911067861,16.685031708445116,0.7737323013203049,0
22.92314628974793,45.85325141970836,2.3168962083498568,5.236042061826785,0.3372899857256745,0
27.896773386173205,34.92285635525779,0.38171639858626316,5.59050147555609,0.16175002418117437,0
28.286427417366152,57.0286991962418,9.687335794297264,0.8590837797628044,0.23590965857524582,0
25.988613653891903,62.40663301312675,9.55353476182115,2.5790393955319963,0.20155553100397816,1
29.193571441669953,30.02251447405699,5.109062498719375,0.2088732217719033,0.1986270234391575,0
32.02025428407269,30.05715297729906,1.075678332714765,0.29918898554416407,0.5148493509325872,1
39.43092950605265,22.20028561601258,6.14443342342848,20.417253659667846,0.29667795399472024,1
30.872889064159196,64.18412090393844,4.668262425950903,1.1864221782287678,0.38651177322331554,0
31.28775195361382,59.828271657308306,10.156809596025141,4.137168802887336,0.891604266707458,0
29.627770421169163,48.477852544988835,9.086688741790356,4.929993353194783,0.6474513991402758,1
20.406143923504793,70.65022693815183,5.4689059229631,5.8562763454299755,0.8591845336376011,1
29.867430622753915,68.34020917700319,3.2683883138248513,18.132441558129702,0.2140452440264925,0
30.301151049705133,55.12126186380513,14.820539492333879,0.8292235391897913,0.40571157986605544,0
42.316210562426434,72.09627683079552,6.810024317941723,0.12356251787082882,0.5437854426258835,0
29.038195176094387,32.350472602206096,10.324113536703555,1.5889629182741483,0.16140644951099042,0
31.507736711668063,26.71517716386367,2.1082945136754114,0.4180643867218692,0.1033499549023663,0
29.826441151473784,36.18497669101937,7.283845494890967,0.06804351984764374,0.636347467037534,1
24.15660981190234,23.42521136535889,0.4130507980419823,1.3408627275759986,0.6134556134411483,0
35.7141140725751,51.87017168006192,7.581826768656749,4.593797413074183,0.42863104799968943,0
33.75966516343387,76.19634153769769,14.460261106765536,2.5053815124097376,0.4917152608256261,0
33.95515973521523,22.36061244011058,5.763100694787004,1.1252936374632492,0.4323544004736717,0
25.453062726026303,27.326594840601608,0.5849401886236738,3.1869163438489996,0.1192040358759111,0
37.013971554680495,47.13194169700611,0.46433686379015293,0.7919676551752648,0.36829728497396996,0
22.990744686038596,76.0325010516743,5.819801399203042,0.04345758411611803,0.24166580431783188,0
32.93428546900135,38.96936629860503,2.4003740469479107,4.336265989004731,0.178739351281095,0
40.952278129049894,50.43408852130355,0.3502814449227887,2.932449251966898,0.8653763471114798,0
25.04731837434656,22.494371543023526,11.343204209252653,4.310270837728265,0.5794877800337325,1
27.16851135198614,28.900592057725333,6.8778451332283606,0.11914911998299418,0.6829250273892822,0
30.498256825438204,79.19780737753081,4.338671579589818,5.4442177820787006,0.35229099461289404,0
27.482621729419005,77.90712178616273,13.50124774524721,2.8990138827418797,0.41451770359521223,0
22.246682844669337,20.296398856064577,1.7420844030078841,2.486181558222756,0.2895391951173788,1
30.342814874030136,77.10870712539435,14.338782434329788,2.9394017317565577,0.1775725367723398,0
24.688481431369475,58.34719626893002,4.709500760660292,5.99487335079966,0.24322530995326705,0
32.36796215317591,72.07509767120132,13.326055084630218,2.6524618820758343,0.7380112362371887,1
25.402878828830985,47.28439133803155,9.044143147191923,2.609297822951457,0.6420366441470207,0
37.7496720250877,50.93576171475502,12.400610396122312,14.026506632361158,0.5375431007883815,0
26.083733538318814,49.33079481541521,14.760197448156964,4.240752084359099,0.48007189829341446,0
28.38969241897162,60.01185545276626,4.326081567281186,1.7517689650037678,0.8379474269248995,0
34.06758608684835,28.379075285378775,14.417032281113894,3.686815612968654,0.15818795822293474,0
23.845678417830225,21.798415392360678,5.842228423536305,1.4791067851443258,0.3244806505903328,1
31.137299673020646,38.47579649547146,5.782678571053835,0.7797161736125233,0.3799502828565713,0
36.53571377141214,62.2808457641988,5.105806563817586,2.7253537002564934,0.7259406497702303,1
21.96258382719386,32.1112071273769,8.121114110213778,7.9008645123487025,0.8940116961295771,0
30.92316929266152,60.40594599949504,2.3121756476773063,7.9411272175966845,0.29253641180572243,1
31.299413971242117,78.19472276643623,8.305672280370167,1.255219211310789,0.7994458673096645,0
33.909114358886555,25.634042947365103,8.12557218615006,2.250279577461218,0.764498208345433,0
23.81524644560959,60.356127093507574,11.42852718907305,0.71338571456269,0.2797259181134133,0
23.397716934578618,46.62501315827427,12.504749429063784,16.299738576044447,0.41946606415937804,1
32.60970782808449,72.08853526265032,6.60662025468636,11.908623936972937,0.4277382954340153,0
31.48492336616593,30.628987366843155,4.534998740272406,3.145260149658288,0.8825765348212466,0
31.252464251729382,61.55755713356987,3.890023459756417,4.895266211119729,0.24471352110311867,0
31.732241047484877,70.28691737888661,2.919357550573079,3.7668528107543637,0.7393263768838256,0
26.599876392107547,76.6768531684414,0.8647137329853732,2.6979927410670546,0.3673541713384879,0
31.161268485805017,60.99488169737875,5.1367196825207,0.16447117917590237,0.6846962766209284,0
31.465362366493405,49.83048584050564,4.053715381961749,1.8196115363713556,0.43600880343653026,0
26.42824290986816,57.07083441207283,14.49626078799611,3.369818342817395,0.562687810493232,0
39.328872555723784,72.1342990687231,8.365632393750658,3.395250525292899,0.766089418660905,0
32.36916460455894,54.23658479832978,5.209155585457613,1.4010129634390436,0.7433324519871073,0
24.043482513986756,21.82322358181021,8.70701401490544,8.526047234854644,0.7931385468317601,1
33.28276804316915,75.85692173041866,2.0879505201854327,0.5494510164691754,0.14769386027572723,0
25.126591648863393,61.37160506189367,6.660656238033043,2.0815989945544193,0.6536404424317959,0
33.93542301871226,60.59080314663479,9.393514821315957,3.522115776424421,0.2119899013774103,0
35.79297789503702,32.94050914386303,7.333467476886771,3.5834123346291555,0.43265485441472884,1
25.89658840824145,59.53312821395943,6.026682009814864,3.137822912946216,0.5388707320437508,1
34.816880646221605,43.63186433924951,14.907725833495473,0.9659437168843008,0.4221915877974646,1
32.063904634682494,59.07397862248953,13.204721432233905,0.5095426919128718,0.515689340642406,0
34.11030079997245,26.395581818479442,9.351089372391602,3.031312462477169,0.8972210470388954,0
39.48396491326974,59.47071827618216,8.540660417734241,2.7436426273819228,0.2081738509702838,0
28.773059419985646,79.96482354623998,9.30990719736876,0.5929976809397212,0.6403648362691404,0
26.23131917821255,22.89272233163336,3.0196816173364986,3.663755141455466,0.4168007731084922,0
25.552427851872384,78.63045105327905,5.927066148964779,1.8218553458633377,0.20640783912586302,1
25.920948575172808,44.41447764337224,0.5918929933634898,3.305698380933645,0.22698941069944764,1
29.614491452929478,72.24520702023554,7.1331905623024,5.448778922768371,0.8594184849964935,1
31.70575987408322,66.94312904349641,8.145368759364947,0.5580073116669035,0.8036811973694097,0
31.383453996650097,54.02097565920007,3.4162460415481437,0.0579915123619231,0.8256335683320175,0
34.13591624518012,64.30695255507959,14.460432707482706,4.530170631212718,0.8932262206619093,0
30.065009459389536,72.71093367808086,13.64181916405863,2.822499023157719,0.2666523120068144,0
37.26767038578659,44.24841929906198,10.832148531838588,3.6083162726340032,0.38435146989124946,1
28.67671583381022,39.62198969379432,8.000799431480438,5.463348112050325,0.6353752239398933,0
43.600845832948096,60.05560313381508,13.049537394715275,4.8707768663386055,0.4870420318885178,0
33.128336738825034,68.47075651647552,1.9597851573519436,9.726444634524574,0.43471162670266683,0
25.714212217918586,65.73710808659695,11.857646914123276,2.3031924608287895,0.38624899946847446,0
24.64553750969444,67.86881893151806,1.8723122095027245,2.0111974659828054,0.5750245055547618,1
32.41236207621593,46.13499888877598,11.913159938241082,1.5419277416233217,0.5604747429120657,0
28.882686073370746,69.0700529705013,4.136513523770354,0.5006123653819134,0.22916626725139208,1
33.57000247046046,27.212543322236506,13.156358715272834,2.5501555776634555,0.47739187001475125,0
32.366188122867726,52.669345877650976,14.160631407380967,0.9730901390778255,0.54277742096788,0
29.635855436715637,20.345519629887296,2.2319395410767346,7.6266227457030045,0.5562295509851124,1
25.766031409657977,39.47514979401622,6.940134075980903,2.625380178334342,0.26808575432988146,0
22.425763876570677,41.98769209228387,14.714810672440276,2.695648481198048,0.6938171138018294,1
27.767425239664895,43.770361496555324,7.251111539597199,1.315164492497022,0.12015927585685571,0
34.28199397161736,61.72803240139173,12.953212837718176,0.16016863409750656,0.38386548443453017,0
31.07046872065102,43.31348607622074,8.830972831969797,0.09677556462181443,0.7241701188285069,0
23.771306106440058,46.921617357351835,5.629948618794028,1.6514820609402177,0.5511143368443219,1
30.86590462925591,34.252647852459646,4.286753332888053,0.2650689896002705,0.30892994600868817,0
31.926586898644185,42.39510749776041,3.048346366291309,2.800668950439077,0.6559624954744382,1
25.580712818994336,33.63617763578909,11.426972870665459,6.385214904694349,0.5539127553248587,0
30.76862552972764,24.39175542610662,5.798107602345418,6.434560635455442,0.7369948875651098,0
30.29104359223,56.206915602882674,7.6691319330112675,3.228017934328225,0.6880201489518587,0
24.285148510846884,60.092767913300975,7.384882200017729,0.7118484924280537,0.5880863376289878,0
31.788936801741418,57.16942076057687,8.65918543849697,5.963253673962362,0.4905421402486513,0
32.803922631841175,47.80964262803434,12.983657184368283,6.517130323981572,0.20654570053401874,1
35.41525621587638,42.78714681075379,14.71109015375144,0.6569077710216328,0.30906641430830706,0
35.26901026017451,71.80001897430952,6.113763128607254,4.011667975708922,0.43527957833366826,0
23.111653160214544,51.144907108173086,12.412783831594545,1.012800723231203,0.579439429605111,0
25.310874800424386,48.75091265778386,11.467916919820764,4.868182168253975,0.5109662841722439,0
32.5751763360433,21.538523948386143,8.602934271833599,17.675291952307056,0.33054762076762356,0
32.56892975456105,40.474869657569386,14.340707154178997,0.09145805238607053,0.10517148623176845,0
32.57523843153024,42.811737127151424,3.0071177329260417,6.829754128437095,0.49699137752065115,0
49.26365745327361,43.92936685381403,1.6389631546443213,2.9235916633726893,0.32850079084979444,0
32.85445255346583,54.81034215363994,12.809429504331332,10.878572585162033,0.6876866405684281,0
35.677828200902994,52.016152803612705,6.587247249506224,1.8765189660401815,0.1191570122163868,0
34.770008817466014,56.47430556760668,12.704532813105907,5.639568213986018,0.5678622490446327,0
33.25695625652899,65.8929956925277,13.396353077931224,0.19327660207705305,0.8531793900048523,0
28.42365377679827,68.7791443229656,0.9368639042860716,1.225163851713102,0.2395274136891996,0
33.79484610246634,63.08738457358967,13.251971444790911,0.20810341092457393,0.4773195926004763,1
26.13587392731214,77.33142175729608,6.724785830541332,11.108099569792406,0.17313759345371055,1
28.815906966299956,21.093954960581698,7.656487335063483,5.094379659272189,0.600545529809082,1
27.573182260854484,31.746679141012766,9.398887666398153,5.742745964601419,0.5404253444769805,0
30.409370696931614,20.453772498688526,13.895739100951301,8.340180803378901,0.4258924193702659,1
41.573292833367546,58.84848284927618,0.28674141644646045,0.2668329590619627,0.517101617178993,1
20.66367403704126,73.88183293699922,7.1526520247672565,1.4613155361630656,0.8172597267752082,1
33.431300951872565,34.608937794577955,10.31583063645841,0.2210522890705231,0.25703544184885363,0
21.936420644051744,75.6220726877784,10.840604365473427,0.7101802914150381,0.11805160936427779,0
27.640340671052833,23.61604341737365,10.38798647305662,0.7816243109292238,0.7893319077592807,1
35.44475298483683,76.06616160833086,2.016526941121828,1.899585546509904,0.5616936659103252,0
30.321400095477316,41.09736123437806,4.490933825575219,0.938229145198747,0.8125267643694739,0
24.61127611035347,26.085249706952993,5.380732881255202,0.31934367597093993,0.5775561787305381,0
26.42348145370016,49.15230555117954,12.066558115192574,0.5499340601818852,0.748128871967762,0
33.39798874467338,35.40659406323048,4.181398086218295,0.477956507738863,0.4437386906841184,0
26.34816684141432,37.092374117715366,3.1605744580080475,10.844300498997729,0.699887945030615,0
31.082292947909874,38.43739789557719,14.361720285571442,4.272518412904663,0.8304331735118848,0
30.22785919951907,68.1815538699598,0.1329492767020335,10.303778433552873,0.5576983709777651,0
26.741998261970913,52.34967660051527,14.967312835229674,1.7380655569417542,0.24462812044990365,0
40.719720446626624,38.67846194936022,10.152319482860934,0.9787218983465626,0.31503809202415856,0
33.169595111590056,56.6200269986551,12.427039491736757,4.80282032195541,0.25891566151792467,0
19.874287066711965,62.969040453391614,4.4192909451928974,1.184705916150805,0.29748562207658635,0
30.93227157384714,36.35744004401202,0.21472916500589967,1.0673833109763862,0.3451323594808291,1
26.69106767615806,44.81294609152109,11.068042778422951,0.79387382096453,0.5441070294025508,0
34.26216667398112,27.313165600216855,12.512168955010136,0.41667943454076506,0.5703933035710662,0
26.037396307836495,30.86896097208082,11.107141979302787,0.8890104952687026,0.44119979779348895,0
29.426317792665504,60.86707123789897,2.142754309512579,1.3170024575134949,0.5923366238566684,1
32.524936394902284,30.886300861737617,11.301418833854536,3.3625203940473316,0.16525994048909276,0
34.32877597085061,51.50980302002361,11.533841731614615,0.1938230656909924,0.17023058964652799,0
23.998517964721117,62.54277570334596,9.878107735050824,0.7090927058245245,0.23746356828612677,0
28.327493820795258,26.41261538568463,11.491738991933794,4.966816889269197,0.5144619984322758,0
27.62527344419522,54.038733177734215,12.688821595165983,0.47671261237329865,0.2711957429586509,1
26.73335383713144,35.393767022081825,9.204061713561876,1.2585938834026773,0.3266275227940619,1
38.82727120140548,77.77561251425479,1.329070709545186,5.999871546110227,0.42025026893839523,0
32.024908554804774,49.01273880319548,7.3144171450081625,0.5049907990550963,0.7494928992083039,0
23.695580228324772,68.35955298650948,1.1647400200740758,0.2590825915171189,0.1110897087302881,0
34.58930973527388,53.01359252937571,6.113145465486463,1.9880750506120246,0.6195030561892979,0
40.610780985063165,22.60475197128915,6.106597336884414,1.0804121277833676,0.6351012248325483,0
35.16232630275574,57.989082535641344,0.9901476621036237,2.486270979843815,0.7389246242853093,0
22.403150170229935,77.08420053239942,5.23230800954219,4.885936974519385,0.8462023512482506,0
27.578829635668743,56.09670920877987,1.6649714818697225,0.4425379894041569,0.11611027915943187,0
36.334555745933116,69.15133156560742,12.123528150138332,2.6074993246090887,0.22302696441057296,1
26.461652671906094,73.05238780090447,14.215320389467061,2.1126775311845787,0.8089370352447944,0
32.219097140731144,33.68478631693595,1.084747128869079,0.46673084043407254,0.4668148497496123,1
33.87317026714668,32.7226903944936,14.326728109375521,2.93448632325571,0.5516725111467708,1
25.365347642109583,56.6588593310595,7.838648990051177,0.9591302837137333,0.6304217629785179,0
29.702373219691,44.66170818840229,4.493485169308109,2.007321329084967,0.6432532835965099,1
13.793663299654636,70.39167817200322,1.1529311291424527,0.25756374573032403,0.8453923226532066,0
24.878061793328552,74.00138740388067,7.5093640210562675,1.8462485145179748,0.8975595339293357,0
28.7371592430342,41.20528275816309,11.91773316736123,1.097854088864141,0.6761259687447522,0
23.761084090175753,34.21223353846892,10.606297159000473,5.1843469834334455,0.32977696736412065,1
38.16205651965818,66.83153091463171,0.7533901719596064,0.17599931323685095,0.8038019218354749,0
22.849293110196836,36.48836213288817,1.0935275305185526,1.6269864110852166,0.1393767316326093,0
27.799777566515083,69.3568591108207,6.043099239489557,1.8398567399685106,0.28486468229959694,1
30.653702886430455,45.42429521892577,4.429357410719149,3.87301883157851,0.8179085739709719,0
37.20636644533058,60.052993957488226,3.4857648458407176,2.5619736586944817,0.30495321155148397,0
22.8206892441028,25.73211883008009,4.215067483630704,3.300751924854609,0.2765208476973988,1
35.815818760774796,57.43155948059438,12.05224114945327,4.502413631520086,0.2105002345121978,1
30.051165305097935,47.10606072423374,13.938420804477808,5.9459205004735045,0.7872894061175332,1
25.092456744760245,55.19650779052844,6.076540417913496,1.1300885281969921,0.5000466073528694,1
32.31051737131635,30.080852464691805,13.591665031987455,2.3167186047522206,0.6399145624433238,0
30.99529847786735,64.21242469665093,4.82243551871823,5.499771546718908,0.29125310726002374,1
26.998915614206027,71.7678246525937,7.146554795156874,13.655209875857178,0.7064323368089732,0
30.349010424950094,33.00438800544654,3.3904349672399956,6.608743601621342,0.7080044359696788,0
28.0734320156912,25.742873331209704,9.607140632637659,1.3931014926023362,0.3500784199266401,0
30.56758672625624,21.418315162780182,14.684716727622133,0.6513596299455391,0.4285461064082263,0
33.31065337260523,58.51829002659596,9.05239644065068,2.016462476819927,0.2677522219441607,1
37.93008408072676,56.42564216532685,5.367211261703233,4.06022081179221,0.8812488186583235,1
23.810922505865754,52.8018447628442,9.717261689857926,2.035184032005416,0.6164820616467293,0
40.665166873281336,33.916825766958524,1.8438101769808135,1.9801868940224718,0.8476351045724124,0
20.23956100238749,43.45435975433088,13.32988620398098,5.464746925829595,0.34270843490330655,0
29.241074524822082,55.668580111170385,7.5462592616975455,1.3454487493694844,0.7255127303975119,1
32.94158603242288,49.80601153155016,6.740246130594631,5.893941966913327,0.7126869151077936,1
31.404959338675162,79.26713121289325,8.787971826802789,1.566695286184504,0.6533245214932333,0
26.88650240089703,28.18638515340399,9.371757941841036,1.1935316462606345,0.8725111802134403,0
28.959388748213623,61.708673242855625,1.0766370933976954,1.8153534772551387,0.41484426888505244,0
27.534995326705836,44.259126086257524,10.239258318351036,4.312093045641017,0.20457385887180585,0
27.053176215278942,45.69197689553688,3.628975204732944,0.40403167061943923,0.6373670873952486,1
34.24801048510513,63.05586593949057,10.709289487598847,0.6560326756866725,0.683447840381765,0
31.785077429825236,61.54616907946218,12.338021915762951,9.075163537315643,0.5600484587670518,0
26.535452023696728,79.4753596221313,12.059377613287804,0.5789039467529136,0.265454314506717,0
34.49799937716625,27.703657367247516,8.287514511118337,2.5160960441201654,0.5035647533354843,0
31.536497604383047,26.24657896304998,7.802548384661268,2.597609028294687,0.34975178925530354,1
34.0643105941948,63.46032902772447,2.1431394200911758,2.017825425943596,0.44197322253335125,0
33.14814420961806,54.70321502038455,11.630192256047033,3.1047604116679253,0.6161748606757311,0
25.855024945389637,36.44963999358835,4.0711407067007155,0.7834192740555537,0.6961717941526676,0
27.199094799015153,24.765162139339196,7.450431342269198,2.413324249748846,0.2857797527210745,0
33.73646802561631,25.13949497578583,4.264111393912751,1.396473104184245,0.4242602885175627,0
33.05185132716733,73.6514524798471,2.007425444995397,3.2511762863234495,0.31532925679330337,1
29.89549203017926,31.512039483124575,9.443365453376048,0.45673988286313716,0.25890529108949534,0
30.58663691654391,39.40229372693125,0.8149805223435574,2.5380379777126887,0.7267097759966707,0
36.388324478942124,33.59938413361928,11.229678511892999,0.6146968355120971,0.827402155549594,0
27.04214305582085,41.29977834991624,4.76380192891675,0.9798636183154239,0.3961857485476614,0
32.73548690585019,24.1654305647656,0.002020395067279801,0.7404258710085168,0.7010231394990135,0
28.98903673783053,51.14358745449622,7.666937088558447,0.6057529439388522,0.8175962314915289,0
28.9115939838639,24.056753815532893,0.7027786279140469,5.241120480310547,0.7768993684241853,1
35.49388425993595,68.0213904693417,4.142543367313492,1.009388494172066,0.24625071083138073,1
34.12708174494015,34.02272491462598,10.604647311835743,7.856978757121612,0.8650335052106891,0
34.06754818000319,52.400714876270634,0.940344324327988,10.512335209356547,0.40134115234357004,0
36.52739403577164,72.80474525368749,12.590077385340035,2.540717101435541,0.37139252893906904,0
30.105019208163796,59.05264214283165,0.05729883987874662,0.46295601114068585,0.14994506182222428,0
33.40976485647482,51.977467193080116,3.7023580380285335,1.4078432392644946,0.4889389232839064,1
28.44866621703272,39.460025186922536,11.113560842281071,4.794489090651862,0.18721089251274298,0
31.62083176244221,39.98011478349187,4.744052245939602,1.373706937046005,0.2988318567419408,0
29.349284728161578,60.16921731189141,1.528385820990203,0.27311477281260466,0.35355409741382515,1
30.48497982496359,79.64836167327005,5.403508782006418,2.4411002951668737,0.7470610587933473,1
32.975785127184565,59.710351390962714,4.055899295767883,5.5953304597444,0.8003909203167172,0
25.908896583832636,53.46700504220149,12.640678532408323,4.76782350867567,0.34197305396917577,0
40.4619363784273,63.83903061435477,4.700218763777147,0.577563493656051,0.7869584969956591,0
24.96991309250149,47.91233673702309,11.833987076640108,3.351226600319425,0.7857847498958329,0
23.92905693606134,23.608540556047114,13.37808217216102,0.7473241798453735,0.7117207603078989,1
35.79055436750034,53.73780895267459,6.507261293647943,0.738497889335233,0.21735609121214525,1
33.95831346981468,77.45751707032281,13.64914715781588,6.216129491212073,0.6522582775205832,1
33.12059908526078,30.518176541459578,5.659770809447893,0.8617223204763962,0.856019251664455,0
33.1417275463214,61.400293449239946,14.461176247351622,0.9165091672994715,0.6460323830137257,1
29.938766135765427,32.05602131954339,1.339342867883594,0.0019608129422111075,0.3652934792862672,0
25.51372814257084,52.14966106838487,10.305288997548642,6.136141599866167,0.5004634539446651,0
30.37902279096863,25.800586978803178,7.40721060685393,4.71924292459375,0.6165800346808429,0
26.61419144243944,47.02225617549111,5.8147320818347055,2.9611773357677604,0.5084563269828029,0
34.87559866708875,65.36979973371476,9.490678181229013,4.162073946959392,0.19596235338477586,1
29.264713092489306,40.85429145433892,10.557856374514968,0.49479575320988944,0.3496512357216165,0
25.872514016037442,59.89470346923308,0.06544904475463631,1.8392594814752865,0.7419168244429061,0
28.393070791735035,67.72699764738375,2.5042963312079807,1.2979819754530282,0.7891344368764139,0
32.064657271378124,75.63066916876716,10.69569075951478,0.29540803078262273,0.2098400261724562,0
27.181377235980126,34.078524911327214,9.995781203673097,1.9973577241239033,0.8619094019189797,0
25.888898022167844,43.958954948558485,14.490712576930157,7.605051839117781,0.36305809427888747,0
31.218436057459563,29.144960799825046,11.415566853761746,0.12265073628299693,0.629850990984576,1
31.224832855543614,79.5490101295025,14.261590615970071,1.0336501602115769,0.7014601167653449,0
27.46528412314435,75.62005807545772,10.538107523022104,0.6978432872492393,0.7495569877103068,0
27.644808471908387,52.39742781683358,4.470783129591648,0.8160036020908319,0.8565997617807442,0
31.16024968678818,70.52199766258528,1.5804738337628472,7.172103847153975,0.35033563842305815,1
22.75957829251338,51.25747863632253,11.727357950174033,1.8937247977730136,0.7868051636412436,0
22.962681128117225,57.415141280165585,9.66223832213874,1.8837608869837217,0.20534952274896565,0
26.40777889373782,25.347465926960997,0.7227901858994434,4.288553240711595,0.6640327250828741,0
28.932764241440765,65.31622522980848,5.400756988514675,0.5034536703368955,0.6935821836111887,0
31.554537827990025,27.66280901811409,14.351997232264292,2.0039904812714373,0.6421785929610564,0
37.37678108474776,69.5640578151517,7.506017185653018,1.6862789350544674,0.30185178890812236,1
34.2882981160101,66.92168526022316,6.490937040295569,2.72579139012272,0.7984345176121627,0
29.200307350182864,62.52468186457859,6.8654940773894095,23.17058856618738,0.235086770696316,0
29.904918960486555,22.169622831485725,3.1332408600774557,4.4018481704183205,0.14290783321666467,1
24.987353176810956,38.187701356719714,5.5306075629719285,1.5218243215930378,0.6739719924895298,0
29.90743432003805,35.78675419465057,5.547198839807649,5.272996917685523,0.480380572186187,0
28.55670680539931,41.60818444829114,0.785325302812086,0.5615501770835041,0.7792784159669409,0
31.613592801690448,25.25856480583031,11.513514427768774,0.09281204669621164,0.4067177128466072,0
25.863845282238387,76.21746938186376,6.247566478558185,0.6861586014928387,0.23462287080617028,0
32.59673257120586,53.22813444274258,12.33269830224635,1.248417624996925,0.7691537539758958,0
37.66369456501289,38.33145863948141,12.75522001679843,2.143607430331681,0.5391277053120573,1
29.456199257715713,43.818891024457,3.179910820479871,2.86454229282214,0.2513566339122839,1
32.00855861049471,46.83215243029014,9.860302232551929,7.2440956493757955,0.6763071988691566,0
33.45071995855556,56.03566000163704,7.084227062444725,2.1391559776792133,0.5088909107916004,0
27.993897640570818,50.94076566178987,13.202351068822276,2.087105189687858,0.5834503857922558,0
31.120462409052084,75.16351839286504,3.236110187646812,0.15464738077070592,0.4687186705652655,1
30.062962003908975,49.817808974349816,10.167198004650663,0.10660657969414494,0.7629671870544051,0
30.48838049274416,79.52948088939877,9.116281833790838,2.4032661520094067,0.7636501725464399,0
26.13495108072267,71.08549746470575,4.4295221635774915,1.7297138903126945,0.667511057459509,1
30.122550871294713,32.51063086144015,2.049013554767589,5.48241602371444,0.18432110191716983,1
32.48999145622725,75.83571287863498,9.774596407159148,0.5254882320136784,0.7710830895232551,1
37.25571803897521,26.981983873128566,11.07896187198496,0.07586623173396118,0.6368103844263279,0
34.79635413042603,69.04698250947149,4.73441015645025,1.7882724945731332,0.6576193328034396,1
40.76591228755778,42.837397608594806,9.672489060334707,0.8133739458116198,0.3903862723230973,1
26.163262185559752,72.67845922670418,5.926963614172549,0.15266236185209633,0.8034236449256054,0
34.36160318360339,72.08340140644702,10.698103249239265,3.868573416330257,0.6802972801878859,0
30.91671002869176,68.35552400705727,2.9882291234107967,0.35497592283345086,0.19007237322335557,0
40.94901466608836,67.40182617842368,13.353225039542615,2.811926467699799,0.4262224275249301,1
25.958508573224243,38.280748345882444,4.311143946983696,0.989889351633747,0.8091042895681134,0
25.801390789096118,24.85515698307513,5.5167898163422935,0.5716517489180174,0.1377573613579032,0
27.00303677277989,44.178810725909685,0.8713792812052468,1.4329053352340033,0.8691332957136396,0
19.380521378450965,30.41147089919052,1.672683184819146,4.850079145547485,0.6433300546556502,1
27.371224891596196,61.6970653341477,7.737928540684922,1.4932029547312662,0.6051007821147013,0
26.20433669223151,40.76598359226713,4.013890150919572,4.168133119775869,0.31644740519039316,0
30.75196893238104,78.53661205159489,12.532203386132915,0.4022619446733996,0.29903343099134166,0
31.708779878885796,58.45832464071992,0.22040082982430764,4.445396418956591,0.8536465755908764,1
39.38085419607943,69.34883381806165,5.686410730079043,0.8112295982163504,0.3386179633872982,0
34.75211919093025,27.951480364510907,5.06018320153639,3.393962452353169,0.7204042373751995,0
27.115481721687985,71.72086893635736,0.28991446376401553,2.5026226249507855,0.41449743856566335,1
25.50792664325821,75.36543143080365,1.8655259850076533,7.941347257885438,0.2114032566277632,0
32.45959585753253,49.22371512913615,6.204640123779529,1.469749835899691,0.10857223815628717,1
23.398833964896788,56.37517626505865,7.392968766711699,0.2053671543068405,0.5354058696122007,0
39.157293829271765,65.88858805417973,6.064346208823037,0.058023986918674546,0.8806230548391462,0
35.897200603606436,30.490317635624752,7.964065176181407,5.260939355635276,0.39530895504736363,0
27.654121739476476,50.15396458780654,8.926975123585223,2.2316522324206822,0.38575386719443594,0
21.434327354545612,43.919781666338785,0.14885731691753445,4.478220420855525,0.3752732942795537,0
36.76936187082706,28.782439529734948,6.961427391802558,0.801386631732093,0.5164350698438868,0
29.42730077373691,42.05206533749188,14.452488613313825,1.2697437217995682,0.4525319067394349,1
36.18908155986731,24.090338563129613,7.78548420194323,0.09169889391788164,0.8039317013816116,0
22.027861706028165,21.54871441696922,10.163134011884297,9.770693087540794,0.5044166333787923,0
27.003124885231134,28.109977349289366,4.677957868753248,3.30666755343716,0.5062062705508551,0
30.026218498590914,77.78690669535044,11.609870672291438,8.11838509620491,0.2106972757764453,1
30.23490296882371,52.97177215370102,11.593822228141727,0.9256811766036959,0.8861916327283088,0
27.74967264260378,77.94932966919319,7.819440714812084,2.8361053462856836,0.29997831269506375,0
33.114249661737496,45.94987269980792,14.640207349188204,3.4042729100437716,0.15869125396768213,0
24.661897853087027,38.70896798511558,1.8832532214398006,1.1461967263944945,0.630516999180167,0
29.288102574893532,50.36851177041464,0.2542149733437149,5.6537810037245855,0.5762930961254982,0
30.601478158559495,46.37070131797461,11.55237317635644,8.821543455544525,0.4321165231941966,1
32.57219417029374,26.339881055704634,12.107333060473238,6.484692292312177,0.4377537871045425,0
33.558074390444446,58.44957888141237,1.8031084368086436,4.030474552154014,0.728051136837145,1
24.376789540810655,32.96229095057598,3.983742494379091,0.9749669219898167,0.25657011207971925,0
22.32942914632189,57.175277293869776,0.26328545049943364,0.9922532777060515,0.7562026551559118,0
36.38838410949255,59.0120655438892,4.399629161708471,9.919870455037291,0.6189976911160145,1
31.661570059897958,29.12149118771889,11.597128108780073,0.031013240352235356,0.43517581902361957,0
26.25756731721723,23.68097762664009,7.769407915688684,3.7768710552729248,0.46642289326709496,1
37.75575987761262,66.84569516410639,5.221433897524321,3.675039449902309,0.30531776574887665,0
30.578373171464293,47.588025426159206,5.576089423594954,2.924060794848985,0.7016914661575798,1
35.89648592031913,23.489827730328546,0.020304385732022312,13.848343396253913,0.5102997938442142,0
30.337592407050543,79.69197903018602,4.497007913478538,1.1213736530573637,0.3566836341998749,0
40.303739624409936,23.466833659781997,9.696881124568957,1.2464184427621023,0.5768400926087602,0
38.77670421221602,61.702113731513194,14.612916657245357,0.2466883501347415,0.8965875616410585,0
28.75517925760463,79.02073551580482,12.705912404758493,1.7544830782799985,0.4482098237252431,0
34.85785475477178,34.350806252955536,0.3539244696829369,0.9075690747573493,0.8365531206228957,0
33.226879747925736,28.53496212123177,13.47840907012259,1.2619800647181947,0.37601347193965295,0
36.843157787661745,27.283096365345735,11.747976199479389,5.397653868760579,0.14378616553998871,0
25.17538269709948,38.196508854055736,11.705641853564707,8.22254995095295,0.26339368509474315,1
33.4302572999922,26.062748660638803,6.869936385053572,0.6164011360935211,0.43495611466214734,0
35.292122434247936,61.52968050164792,5.970079394317542,1.3980775248865083,0.27570794287565525,0
21.20630256788443,23.737507887803762,4.543735932497889,7.919656626312225,0.10018163057460444,0
24.083707436671126,50.56532768898738,0.9854228843154866,0.191403453390514,0.8320012301980219,0
19.803839111199498,79.8018112311786,3.423530452405487,0.29072410986116404,0.7751035289847432,0
28.652965827777212,68.83821617036114,3.699054524670369,0.5330445763681944,0.6938337851895577,0
33.58771127897981,56.913166293860655,7.261156045653024,2.7131815991111137,0.2342516765168229,1
37.51178526048014,38.3752172471967,11.21166609895041,0.4892240905682365,0.19629086096798887,1
30.370473902098876,57.43375017749831,7.107147425969199,10.333227449260132,0.15408379957790652,0
38.14307772785646,51.6224878346991,0.8676667417074091,1.7756435552582661,0.679223351018337,0
23.099492708925542,45.565003033422286,14.366847014823058,2.0885631570479677,0.8430463685503082,0
21.483087803224226,27.842622604411968,14.140864786411683,0.8497103653711408,0.44442865673042964,0
29.722261505516904,73.196252914428,11.777843147226125,1.9100751383162309,0.19531253759683853,0
31.920327244696537,46.98707892927935,14.869918523463308,3.2533616741923064,0.5099142565856852,0
29.836526259529535,31.677350709245903,8.167234992003944,4.173042087202525,0.3790655259669041,0
19.662789499800617,42.06556105263738,14.44152525379809,4.205662912899815,0.3998599394799982,0
29.55439980243606,44.84778515173562,1.1340756092512616,2.587475914314158,0.5970644993245658,0
23.477652497475734,69.65227373401245,5.48521122392057,7.04148535127522,0.6749744906097619,1
33.348362744150194,64.01686283368412,3.3807190201014876,5.101500861402494,0.18848287909852868,0
31.83299123048424,66.15829361848039,2.9374962620140503,4.2446755743652425,0.12847218464518112,1
25.300601068363225,20.661875865718834,2.112044233390141,0.1716339616446205,0.8954642421485719,1
27.430665413316532,44.96923989078569,9.33620462348995,0.020705173264484303,0.28618267913244144,0
24.70393239055524,48.88064909811942,11.719827836209577,0.7164748827909682,0.14306441992676727,0
29.68660451363414,21.151536609383403,8.67447599130541,3.267681743991994,0.251900263276736,0
34.77571160250619,35.58879252470206,2.204440643823145,1.5889933403133178,0.13116627707877138,1
25.07136976832228,65.6173893873281,12.166856549002064,1.5445323578404486,0.4134487156937373,1
32.52023257758922,28.226582343739942,9.539320607455927,6.477711933505304,0.7419214275610594,0
27.348711908137794,52.1186078871555,5.8224855919049325,6.777509418092686,0.3729955598061765,0
26.03563583868828,32.91211232103425,10.111954433040944,7.1964708244733195,0.4553467255026933,1
29.464848200227213,20.727246478633596,3.898574688642493,1.1300998080626483,0.640469418853951,0
24.82378838790313,34.472087455972485,5.177883127413158,3.523783926451446,0.5071152560559041,1
27.23175347326409,78.55242529460322,13.762287646979853,0.9508514574311784,0.7891565488170594,1
24.010610537055758,68.09222671297937,4.357567585071306,0.6344225856336407,0.7928285400366052,0
39.82362566458195,77.574598659262,7.049824022369049,0.6123488844567935,0.10792855639292293,0
30.176317759858645,49.27124263558174,13.35211706094022,1.2561417557318084,0.7224370451865594,0
26.50137246003707,26.58417192065021,10.615820254012911,1.6861337089619663,0.46858688019333916,0
31.06989955367111,52.87756933842158,0.9330483924705413,5.3326675388742695,0.8910724330429305,0
29.43835975154585,47.26264007359765,2.2095456641845552,0.3831288652494891,0.48658566070034814,1
28.895152002333884,70.66142496437695,0.11762386157875226,3.9832370129616264,0.889516756310638,1
33.07083350021713,25.884954847054676,9.463826853437451,2.274368842638209,0.7036554889645893,1
33.787538550236526,49.29446822130669,6.715101381156275,1.0188018138360229,0.2988839076906451,0
27.34749426194736,29.002919881639055,2.014122763534133,2.0366654689275805,0.5307159834295662,1
27.1209087967766,39.480555613403595,14.369011815851557,1.0697765697046377,0.8937085115828662,1
28.62474151424178,64.24142464326798,7.944895859184299,2.719629843301548,0.786024486201539,0
18.490394176322077,48.56108776212599,3.6283994116933376,1.7066564523587173,0.1778935150329769,0
22.42404468900724,42.553297108746165,7.509053567320613,0.5388355986549407,0.6650975974479969,0
36.83437133722262,43.66857671420212,10.194304991026616,0.3718740617067069,0.3764636686966505,1
38.22483856750642,47.5668061043592,1.1435882696034672,2.373574786618213,0.1055858095042785,0
28.75481980221811,67.10099263022342,4.12055722571838,6.981033996742516,0.42278477522159974,1
32.88278481527883,73.52508133641406,12.104482363259905,1.264589969758726,0.28780353737997705,0
31.556250772717682,77.3200811902357,6.894973056039919,3.9615210664944795,0.7550954164163772,1
45.39440404227619,67.2142031753177,8.198657130484424,3.2246406014159223,0.36986448707661246,0
35.59787455717289,38.924413744880766,6.492240033142039,8.045170571921217,0.7620189551630537,0
29.360412042596167,61.28808236519253,0.6584991396450768,5.1607902904679595,0.10047835106783626,0
25.22229779699787,46.25618744332351,2.486246697302339,2.5083189720672023,0.3462553200208953,0
21.96776839871214,35.28023732276307,6.6831245811283635,3.2103412557116835,0.29293217144620953,1
31.017318179336115,70.45229476555537,3.137781981118917,6.8597356493863,0.2868538888548888,0
26.218246273578483,22.3055809377395,0.749685429895181,1.5300717585848642,0.15454929581237017,0
22.88873145201163,74.1057195281254,12.654744960777355,1.1871148576550778,0.2496994163284014,0
26.767135578787368,47.68864787748405,14.717887937461738,0.03260984412904415,0.544439655908496,0
24.592259981928024,58.232088608496824,11.897143109951092,5.255616296026732,0.33308885827019563,0
38.43570817536282,59.56123533234696,12.806773825570005,4.843060428187554,0.43391582586331834,0
34.408198784747256,73.70706444239218,3.6296569547556805,0.3309668081396269,0.4014935042777509,1
29.960136793416915,58.20018093003244,14.409404632697996,2.580137988956639,0.8007239399999156,0
37.39972069445013,56.836015085603705,2.953885566801426,1.8707609198497157,0.8242391992084124,1
30.38684153823809,23.999122433641396,14.271447155427484,0.3791025284679209,0.4943655773246881,1
25.69357899335868,51.104481316712246,14.922289409489265,11.822537316712506,0.3641247602524835,0
37.61562038634828,29.0101400490225,10.67584208619073,0.7250526951485972,0.18544056320189092,0
32.694550218423295,64.24602612328914,14.71715597687733,0.20880331956423837,0.862722303505676,0
24.81376922836772,50.73331524876047,8.543096693506556,2.7104743263786273,0.14818155592023796,1
29.04830660958196,60.8136667525012,3.893126747641355,4.028172559497182,0.33812022205462433,1
25.621908733076214,22.500374036143057,6.554938284984313,0.09894420626565911,0.3384529609360033,0
23.086001345178317,25.087520962748194,8.90341403068179,3.225135316230092,0.356321028912172,1
34.630887737658206,62.97940328376094,1.096223430405225,2.279732532564949,0.23142947461792743,0
39.54708320235065,24.3250601599204,9.335148969258691,0.326984699030065,0.7265291447389578,1
23.007162130904295,24.275403665915515,14.717667551434419,0.5681250793891748,0.1979982895727914,1
32.81484618345286,20.726508514093247,2.8516147467559145,2.517810586663149,0.6079253273225302,0
26.746787154390866,77.39008389796881,11.88892674432575,1.054455076880791,0.199076821364654,0
27.56437308117652,64.25050156754043,13.61848190669429,8.35717890595186,0.15642851007436526,0
27.038030378805654,41.19508451012385,14.155523892303313,5.123472241216058,0.8275436029487012,0
25.68004615160092,37.792134877259315,14.402034066081708,12.325429013613602,0.2521030130549645,1
30.242608139724133,40.982193784750976,7.821894580822079,0.9019811383631525,0.7570001236477635,0
25.84524941794481,66.47921187087091,14.659618619872555,10.492163493370196,0.5357046968857087,0
31.352284128899193,59.68223666422487,11.359653107016584,1.6928578449392546,0.1622852156870157,0
29.748809452754315,31.111734072048076,2.4250715435544286,1.2809188358361419,0.864358553150454,1
28.80525976566795,30.44656012004506,7.15350159701955,0.1549838556405147,0.297568933593514,0
25.46218168979201,25.903738982803837,10.77496763058006,0.16262501023519643,0.7877162762820852,0
27.116143347158335,59.61816318208029,3.71010473728625,3.533076125873112,0.23504800462765135,0
33.77695612912878,65.86235973330416,9.609227753233311,1.837074838631457,0.7831543057134823,1
32.504585938121906,35.90278569950024,9.999007185699288,0.770572704108454,0.1105830503242352,1
25.112223776007244,21.25669766185477,2.4404961571284884,2.8555229575723153,0.5094243652555845,0
30.49666152714613,24.930300048585643,8.476279686791344,0.874500529429844,0.7155540635372455,0
33.75693561685895,78.07160209070183,11.574403664679116,2.5856331762621934,0.8478364139942267,0
21.652973594393142,37.72668664864521,7.483434968039129,1.3351546002569472,0.8273617089651897,0
32.71680096189967,66.15338887028801,0.18154675164161138,5.204191043638985,0.7556998956381159,0
26.686881205270765,57.47981413125583,0.13557703618938266,5.156020458769851,0.8105530797290433,1
32.852993342965796,42.91637837917375,5.355440159550183,1.9465320502253376,0.2593757486696612,0
26.183704217287417,32.341235731733306,13.89291102647673,1.2961316369394498,0.32734743656938303,1
20.975589496677404,27.283185089564384,3.4301516940541315,1.350884414618947,0.33117481993684683,0
21.862287810584185,56.900778082331996,9.515455333075307,4.9152800530953575,0.4016431448013591,1
30.24042473330691,66.47802683826728,3.331138060399809,1.1932921848889546,0.414656536308151,1
31.29861250860741,58.63425521246784,4.825049844893229,0.7035971268241052,0.5356442597237404,0
25.478416874477958,51.8181279949495,12.720631344022259,0.2654719851860445,0.22790381069315313,0
33.19296229388687,22.517073405898177,10.932921634049203,1.8859747869325283,0.6529973310287914,0
21.6923996886552,78.10932665566303,1.4309891596981594,1.9741052593945394,0.2340532314436052,0
29.66960100676342,67.92285149927447,6.4305303147965045,5.514831279337959,0.34824678568363804,0
23.944919001187717,37.56932220205788,0.437546454678967,0.7501520819663613,0.5026761044849233,0
26.740819460989204,78.79821976153104,7.213352199045135,1.4389077267920198,0.7371524492187819,1
30.23699335658207,56.112895378179324,9.936510175516021,4.9571260990987565,0.6915753865909818,0
25.69793317358024,54.94535949243479,1.7775393539722733,5.20540497645347,0.6164274851284178,1
28.077222278850872,64.88439076577193,4.333274083637485,1.4565024428151294,0.22461860846413614,0
35.0314640460722,68.70618728540825,5.967549382532354,1.8436958239092556,0.5376362764924622,1
27.115540652384254,59.38871643989016,13.792965369840747,1.0841403772519107,0.16995720143990836,0
34.17846056032571,27.685744781972,14.89882523134446,8.089323076193713,0.4018905414373206,1
24.351465726711908,40.296050359669906,0.6736694849342378,0.3788801478242008,0.43081322423196733,0
32.64902088957641,75.685018419563,11.415118852430881,8.142933314225875,0.13184915155660307,0
37.207843103289505,33.476936710631115,5.575860996035148,3.4547716017000023,0.31919047957597746,0
17.641777499363553,42.330021430250795,5.8868727934422,2.2751195910999398,0.8645195738131916,0
26.015523722647615,45.92461297665176,11.31397460020534,0.09961281451688486,0.8629060862637516,0
32.8853606359027,46.36429938166713,13.776396482181129,1.9364797954415964,0.38186164340203144,0
28.984773069785035,56.77637494967153,14.263928917538227,1.571469708872009,0.13448008715865925,0
31.855729366856544,76.58455026468246,8.656838790574811,0.5274162223598122,0.24327595146254524,1
26.980074066420897,34.4415627099503,5.356817389507542,3.2049151167459122,0.41377423474683217,0
30.4329489373645,27.290082578055085,11.813236287881688,10.637030213289114,0.8582237583753839,0
29.221613823039604,31.848229391596238,3.765020748934504,2.4779026111056703,0.21295925082974795,1
35.838910308299035,73.21549401255618,8.461110432502766,3.763202329574506,0.7108126749345698,0
31.272104216506065,58.74864875931236,5.3786769228730975,0.2127176980089513,0.18694603149975367,0
31.68801331037601,37.15440735434961,9.849466105618141,1.6221384682290454,0.8850060619130214,0
27.940615169387662,68.95681633811704,3.6059836934026035,0.3711114743899865,0.405293199287308,1
27.561968879637533,71.68219978180616,2.8738941860223868,2.8464095049248788,0.7201876311192449,1
27.837209060901895,70.79086032141669,13.773586300131557,8.365284107713748,0.37407286624890546,1
31.972260711891483,75.13559201837327,1.5270552442430536,3.252156010149079,0.602135101727047,0
27.895077595898684,35.134461210401696,7.589368616023975,0.2397380554023695,0.2536128677920294,1
31.448874284482066,65.3025157247767,3.312791744445134,1.3139627531949087,0.21681681543757003,0
40.37700399322719,47.632369836448404,0.5839494498850117,2.3999488812608987,0.850451311654505,0
34.35562351715846,70.5199131734037,0.5402822743713959,1.5485586791366024,0.8341178223235468,0
28.369882339160796,63.70944062969679,2.62832658158741,5.38087581481892,0.8099751521703059,0
36.00606961081972,66.58684678998347,13.001555317590004,5.056868041146542,0.6003467601332748,0
27.959623134892244,59.36971026086429,4.2371811596554,2.8389435569105945,0.7466145689730226,0
19.80937732411073,30.645726168182414,14.256887558629435,1.4026181406458345,0.15522954952909995,0
24.95956844541298,52.7016151338163,8.724334394837904,0.8844680129106881,0.3678312335125433,0
20.646040394870724,79.0801843714705,6.549212846531491,0.335726790106083,0.350962499805725,1
28.24243257979346,76.24328398982713,8.701332520041818,1.3150390335402247,0.6085162575620906,0
30.092091895947757,22.5904241478207,7.750475778394017,1.5990731963570992,0.3847662187765124,1
38.382186561376415,29.888888943766226,11.381643806359877,3.3793961550749483,0.21880542531494465,0
31.634636868820813,27.903726407273716,4.237440989592784,3.220235920968754,0.577173660330835,1
28.90449735595568,63.55879459911773,5.295755874004536,0.2180609363397934,0.7515071365352652,0
34.14702790591745,69.0671197914167,13.41141453799876,1.5088666001481215,0.4056987955679786,0
18.944323454960575,32.81068197864032,14.196847697256082,0.6018679363133765,0.20581497207878538,0
31.178072790542828,50.351161577109735,13.388373412297117,0.5116985078517031,0.25735055785025845,0
33.85432596943483,70.44218168067201,6.291719909359704,5.268635225158908,0.28998664413550723,1
22.607068771100792,63.96809268597504,11.705482545103225,0.12845701389304368,0.339918074395629,0
35.71877021603464,52.5342323295109,7.145035999516482,1.6299579967997593,0.6142360564050473,0
31.69248203747207,55.420861427526376,7.463097782191533,0.5525029400688536,0.5807563876301752,1
27.923560430495993,50.5016328149768,3.0702016358592594,6.344092557718558,0.6568638892536314,0
33.163909330531425,37.85290707912924,8.866954548877747,2.4428308956213423,0.39000158762521053,0
41.35346428902198,53.90131957154097,2.792038466300219,0.7894782234002435,0.7591981215039827,0
30.909331275292477,61.33311812300544,4.973470486007907,2.0940407298414248,0.2632701289246082,0
31.24110293150168,72.39937495164847,12.825453024299026,3.9445606934189854,0.4752325980145232,0
27.70319550229878,58.177481238754886,3.106137138162828,9.518698054782007,0.7407509772331443,0
25.75077815267604,65.66729222258948,1.067374277601492,0.7470999694598511,0.24412691818609542,1
34.15167908272123,29.60429809727438,1.0351138891922447,6.5194577865184975,0.18789049099262636,0
25.719580870455665,47.693448465187394,14.111767807546618,8.16815692788619,0.8069471741503919,0
30.357831186096963,20.559897189625598,7.603806569427519,7.445872611251069,0.3743437302073568,0
27.611712766174417,34.80073187129738,6.141181077255275,3.026981383602047,0.6470960999272256,1
32.39489912873196,63.587702906780294,12.163178715118777,2.981303019112594,0.12027888341115078,1
31.66831052643474,79.5085970809618,12.53738891865774,1.548573141744998,0.6520375107275597,0
35.1876997212895,25.950685975232954,4.982865496734069,4.187796555946963,0.35288104923757646,1
27.449918005726264,44.08965895167729,10.404270862106928,2.273338835766795,0.14459268286995342,0
28.650625323533145,68.00425812194956,11.5668422377783,3.3943804019462567,0.5878502092384936,0
25.106181421088465,32.24213807773393,9.819760302989318,1.678251418208223,0.29264305285853864,0
27.77853369961944,53.30509695813718,2.2739261220014906,3.9446735874619083,0.409445793641504,0
31.88650246522426,63.98427776178049,13.138246252755856,5.219861869178113,0.16446464982921088,0
33.78494308322676,56.95912701561074,8.08641829104013,0.47500516448906255,0.21773060087595628,1
25.389173379111874,31.28148407692497,4.2370863955500555,5.368022070837478,0.338381788396675,0
34.3480296005283,41.323074121144366,6.378422781565408,2.331520895075386,0.1718076004481257,1
36.778189294024756,67.02750706912383,0.5635663559836107,5.586531169304801,0.8286610117490522,0
32.067174516118506,53.253590847921,1.9180020183362634,1.6932156752930507,0.10483763454718274,0
39.38397906279033,20.313776812574766,11.483201257737912,1.4294681790821655,0.4870881750914492,0
26.131054004482134,65.65944560168563,0.0001745213304921167,7.397456334214077,0.19859796650604117,0
23.776726483442914,22.118681296414344,6.248487427234383,0.8677269371736074,0.3461432715823588,0
21.106398755478608,64.74402696387392,7.837652716283826,5.577783775025944,0.8408476478546124,0
37.480221557445915,32.14883360991425,0.8195163000145844,1.985065150498931,0.2293556426191895,0
33.27182828177029,77.48440880716282,14.596172444584992,2.165229174653416,0.8726658557746662,0
29.722076645447725,42.07644507812507,3.391879968745079,1.1065387793669492,0.26463550159153737,1
31.399843131599102,39.615896980284745,4.562980794544213,2.5532103033811957,0.6932528867734636,0
24.372554763508116,28.93328301994668,4.55913768382541,1.1800665613199606,0.5373418119178494,0
42.228759898084135,38.33625292941289,3.4562499317602486,0.12018377136818023,0.8075829820774073,0
30.646105909876137,72.59904570969204,0.02210733129467124,0.9523569451545344,0.5431946044025048,1
30.546973973024464,79.78006025763483,10.940171911319945,0.019198429337486195,0.5276473753250469,1
33.62883311949346,42.098571830410904,14.50268249698928,11.498912880460573,0.2563664002947199,0
32.40504615868357,46.916637857272555,3.3644022492756758,10.121961757425431,0.23298348964132698,0
31.119420121395656,63.32425629216422,9.945707877051337,1.5083506318160693,0.8331913208924114,0
26.04762772277344,73.17174682790447,11.128444904380727,3.9099527342450564,0.36227055908002725,1
32.35734178567998,55.58266005120705,12.72638068635787,1.273054457571422,0.3976658039703168,0
39.41012248237517,43.491541890669765,6.339437955204136,3.3359421616468143,0.7078589267427108,0
36.72710023077489,44.75731045091742,4.543963584606439,4.910890514206027,0.3710587859382459,0
37.965933133196984,61.73708878980841,4.879427010345466,8.798624257455593,0.8616499573112022,0
27.443921617844076,20.193095816256722,10.689319996477693,1.533538438344946,0.6903422151990403,1
25.051975898707095,57.17536024759044,12.25169199758454,4.587696187444551,0.5779433940587361,0
29.37106539950176,41.329580626481444,2.72420951634904,0.9274463292465782,0.804716128435802,0
30.278624561443472,67.65183987662505,5.564115122366478,13.916895717688764,0.1396847266795862,0
35.47095759235474,25.57943838938793,13.52910295123725,0.07832235521061957,0.305650153751367,1
21.537676851425903,55.29213601690343,12.100402795421088,2.775455677511837,0.472029067376728,1
37.64775159730307,48.858373393167426,14.772876041437137,3.2320731624144354,0.28158283157721686,0
29.209960507105052,58.53953155431364,11.313723895231211,3.4946943542919016,0.6951241498417216,0
27.8655946502629,23.891215668978102,5.8979280154188345,0.38482169691001855,0.8353664248429802,1
24.93947812369916,54.799027245687874,8.859567509919566,8.367607516767098,0.4390160959447388,0
21.725716640671152,53.689075277571426,9.915213813709805,0.5996850123490972,0.373706080089516,0
34.11585291980957,53.639605664970254,1.1768372447568591,2.9245686076621134,0.869240585710053,0
30.36658983594202,56.20925999578729,8.167454386557976,0.7556943867062479,0.4558819462620327,1
23.55019550129473,60.58807623358173,10.639812427089144,1.1011128559167522,0.4912387203594266,0
23.52460613968192,68.29933998084618,2.509819560015906,2.3720057854343186,0.38131989787352427,1
28.32107650354936,36.18924320769286,11.709475761383358,1.6196997358178753,0.8276387784097107,0
38.34510762644696,69.50296461080373,8.756591707711674,0.5238659874238014,0.5551643866254806,0
28.702043243181976,49.89534093580722,14.28332678546392,0.5623752323132647,0.7097396697453158,0
22.48428523440947,24.62349674805987,0.6363344731033754,1.624600917338506,0.7494453746807092,0
28.77128467957028,23.513055754638753,3.9798920633320045,4.247577101621188,0.3734792335338065,0
28.636382151261646,40.05429912176365,9.02330818949736,6.847307778654369,0.446955465056304,0
16.515566785292144,67.09381862668806,4.448398683088961,0.2636348798988282,0.7787774195250118,0
29.72852566741094,62.460856084454946,10.716362461068632,1.4981930541500021,0.3906042813406482,1
28.84532734895661,67.31689788034438,11.385079237828965,0.31690020440623995,0.735148106761481,1
33.48103182406709,51.03614338649656,1.5377394609971167,0.050195033212849585,0.8527938580595497,0
39.244780474726724,46.41193987732943,7.707816963101516,3.2516322893959186,0.5985682984544056,0
35.632825147738785,28.84715160237704,7.633358333865838,2.7672994888636575,0.6933018299615111,0
28.655556547225846,39.69156521655869,5.539211553233116,0.5338621345573114,0.7440778496329079,0
24.467370456291647,46.04116197043251,13.993872938545081,0.798986387603837,0.7760317191173141,1
42.8667990162493,25.316025780777032,12.412594798098318,0.07197991394642596,0.41604267028543684,0
30.29609217007244,33.236717162672676,10.458140728644551,5.404469672313404,0.14101076734079854,0
30.06964645956473,55.89351764382433,10.714899536024964,11.029737763876263,0.4215010169893917,1
29.879374564449982,64.1397868543514,6.925742157196787,0.4366715088809726,0.6390049838272718,0
30.990423803839274,79.90085068357698,13.814917816448638,0.7898473913351242,0.4602803086246342,0
29.278197940380288,75.98679988061346,10.418931408799281,6.084181899381652,0.6991705206883189,0
27.131689965598817,58.55391197211149,10.934715924837247,7.829932347629746,0.38558594357493114,0
27.26570529379804,45.27488319764432,12.92536355681018,1.6322548148507379,0.6077953128832236,0
29.836233648920008,58.17064188249396,4.111073840132865,0.15584622934377002,0.24913584388317966,1
27.282876144331176,67.13909708481393,12.106063558000544,0.1205660655925625,0.6994955493159656,1
26.435771086614178,27.10017145540324,2.9286090443473807,2.55959476305937,0.5365567750504207,0
30.532151138459483,44.59429338177729,5.180129283673318,1.4971611011065833,0.2632515108372805,1
28.725113912895722,70.38813713813704,5.03415681404764,0.0872127650388213,0.33352893879824586,0
37.51996494291345,43.02997711598264,14.677882025837109,2.625823493309297,0.6988869668654659,1
16.74515095803494,54.31233627363119,12.848058356218903,0.0341006869872547,0.48608098852921655,0
35.45753425961231,55.26616165173189,10.517547923853897,4.644632766576554,0.2728251523144578,1
36.23042596248815,31.06857518801836,10.905851424230852,1.0977215306166968,0.8738169522962381,1
19.63304883795925,41.734126499137304,8.431091916038566,0.12327235132640224,0.6721000158535103,0
28.286562029598258,40.07067732451593,14.206360006627786,2.6627616017144042,0.8657078660318369,1
28.142795670021044,21.571802511923888,7.443881293235423,1.5209212275496835,0.4416840362882746,1
22.962441526410892,21.451505833481313,5.707765648048418,10.92603493598995,0.4800802725533764,1
26.110916562045624,69.9018226205464,2.445530053973865,2.3570946833457835,0.8183641729480153,0
24.447120772670857,36.38424859836874,11.79308478391587,0.9657407503100415,0.5200394721963078,1
38.761352217118116,51.084725974328926,11.016658981133872,3.7078238282013585,0.6658231295245337,1
34.678391965737305,37.92353441532639,5.765325577862023,0.9502700262861054,0.301738301996424,0
36.35777547497079,76.44075470692043,0.3779012093884404,7.03783376924148,0.4573811749621125,1
33.60836032021618,35.55780553194643,12.584959915770161,1.4086766429181439,0.1987598926482841,0
24.354741143913856,45.779408764336104,0.1712697518111045,2.3946469684382428,0.26478402870156936,0
27.37739866860113,72.36381502907611,10.555496694435764,0.15569023082943706,0.10075473221410487,0
32.44687280613959,70.51601400750852,14.553856645890855,1.6660113627493578,0.1314120413189282,0
23.889360955540273,31.16608507077664,6.564919922223052,5.3578727124136805,0.8818270585415434,0
33.56499215086194,68.15859858774263,3.5246010749392913,4.914265424614568,0.29388295610940984,0
28.798373009209325,47.49121320427356,10.573065150650725,0.762040071208065,0.6306485676032015,1
28.125895962252013,48.97813232512131,12.256922130233777,0.7688567086180926,0.7712797590396893,0
33.554799841017456,28.008798344956627,8.19645474116771,5.09981667652306,0.5405283673892515,0
32.2213165574302,24.83609082542748,14.505529128842193,7.994904039548362,0.22251560006716498,0
28.1951691709046,63.67635841842591,0.7750308248694165,0.3006576685912603,0.6824931498689331,0
35.79664901682124,49.787669141317984,7.571933974567922,1.7938308707346688,0.5802011280796665,1
24.594683362000513,46.21104215691077,10.776809209838252,1.23499713185657,0.6850004714779001,0
33.07967803472132,63.7704937191438,12.939607067237684,6.136592136754172,0.7157972982856697,1
32.96550628984192,65.93077393946658,2.6888341786168506,0.26166118999640414,0.8803282941477961,0
28.452267803430047,29.534490060161215,12.000052226455221,0.7114457816740832,0.558850624021368,0
31.63066511121059,56.61350896865848,8.290606135778178,4.188650328636433,0.3733128901524815,0
23.744432118073483,28.12124493666113,5.948305229849448,0.15796850692612505,0.6187716455201897,0
34.6201350960345,65.08250516174274,1.9757254286864034,2.0349848585688823,0.15475256739410093,0
29.075489317785056,59.41730937602837,12.979436383633686,1.75076446026831,0.8179178546572691,0
27.386384897404803,77.39687726500748,2.3590981226957304,1.2212044823818127,0.19550480907055745,0
35.245046129184445,24.13748098138527,4.646817888136488,1.5054604616132332,0.36227427030865467,1
26.478281547286205,23.42328326907526,4.350682979436553,2.264688544441394,0.7525963045008968,0
22.957693518182204,36.93122448159201,13.071210512862814,0.527947563204955,0.5778499026645695,0
22.216854132380483,35.70234102415436,10.09054491313347,2.5458673598045656,0.41490841622195374,0
33.0300497567282,34.81872794431999,11.950220957870584,4.910925765292195,0.4787485275000172,0
23.597853237518585,74.3752748312622,3.7570184818874846,4.2833613640365,0.7836379145617443,1
38.77397090992182,34.972771990970365,9.373111494104984,0.5013528312296669,0.3720035088479138,0
19.59035296058139,36.316983567717855,8.57618974715623,0.48490902695313665,0.7957197478497371,0
38.48228184145019,65.56389574507782,12.492455651824066,0.9366390020954558,0.17050754478135322,1
31.05508733601309,46.984390547032405,13.591305907218908,1.3439033222209678,0.7214387497669046,0
29.516434440648037,66.60263341731087,0.1823515721608021,1.5750555106616821,0.7780381064437891,0
27.275404565955252,23.921969453863113,10.11029878588189,3.415465599465454,0.245454122269871,0
31.995680571760353,49.25427162040306,0.7775369867959353,0.17505050856413767,0.4442772258977604,0
29.81182648787576,22.01681601099696,8.232879976160339,0.10586420562608899,0.2323998197309245,1
35.516509410082605,23.75919220732127,4.314490935655173,1.4922999222389217,0.6652833031953742,1
30.571138243310198,74.38624720066466,4.601648992832118,3.583688572599243,0.5282782144493254,1
30.75150880730939,28.35472226705571,5.294377551785349,0.6449136441196317,0.6082586773666568,0
28.18193893893072,51.94524093651303,9.319386735744152,3.077517357114079,0.25718957356496897,0
29.715271881394663,44.66573615604239,5.010749485031538,0.9026186211666984,0.26939668964193564,1
31.539008844460295,40.84059957553056,10.990485758854206,6.516937369411282,0.1331978604079251,0
21.449158036716874,73.99000074123634,6.0679107836080455,6.781162529967368,0.35765402815658376,0
23.259072889471433,21.30940380652937,1.0252980046493794,1.058421034763337,0.54779572906694,0
33.71632047011357,59.82738117053535,11.756397637261609,0.7840699572937685,0.7863479311978631,0
30.854327190639708,77.80366605281303,4.28637486889059,1.5895359304590087,0.6335419579669446,0
29.080083318236603,53.610091007710515,6.491503193988939,0.8254096338551116,0.4483170587198012,1
30.092169665326967,76.20934772198551,10.281658248328522,3.347737829453826,0.8624960915153103,1
31.737908526808354,23.135472757161427,4.98684235723068,5.247215397484126,0.6753961604606655,0
27.301201598453193,45.12759914444968,0.8487848422007344,3.354230681065741,0.8441321622900401,0
26.108476372988438,35.60946745772307,5.608815705192204,5.217793339579799,0.5220703786177325,0
30.979226275488408,63.84925789884379,14.166728740414552,1.5174752530256084,0.3071234198345117,1
25.10813611192484,78.8778254298348,9.626015959478373,0.5099352379126786,0.1422613490917776,0
32.04126377857236,35.39180374665487,10.072187230008105,4.017670707215678,0.6808678811870804,1
21.4870819788108,59.250476088444465,9.484232304564598,1.341086375686781,0.1970423984044273,0
35.14577818662822,31.885857965584407,2.984882084391552,3.337563132603707,0.34222010261757374,0
32.362987412065216,53.919815274296596,6.275007961534202,0.9467797393004866,0.5259767263071179,0
31.28014867156938,47.83594920130017,11.264096975449775,0.2541571875118148,0.5515332702237982,1
34.91345491972757,78.32031977789222,1.5205934632973872,14.711454691702624,0.5804665575897089,0
38.32737222231288,56.51163636178799,4.1677916413456835,0.5095246990938049,0.2330042642797605,0
35.07185032509065,40.97038232520913,4.144786626987804,13.375684935056334,0.40378992385731904,0
20.795628843341774,26.845747093276003,6.48028391391759,11.35352015132251,0.5937553816935733,1
23.602115166321493,29.074809724096074,14.705531114132777,4.736989527185629,0.8758550917070278,1
26.875907111521606,33.519015797074104,1.012538200257329,3.2313417887730793,0.6821049101597509,0
30.13045525105417,35.05799968041788,7.780514915708926,2.5868785276479773,0.8380830056751662,1
32.58829510234561,71.03696347046827,2.690470230183157,6.032020702904752,0.7097696466513417,0
26.371280934232672,53.6733672969515,14.560148181146161,1.025103642582636,0.5733735751139204,0
30.93383382238539,51.403454682461984,1.699552570911963,1.8915382333542268,0.25361869530907566,0
26.22308533823339,26.886132312153048,6.054015035423869,2.897939909028765,0.6333485215140104,0
26.942410985040258,71.6083816009661,11.068274772519093,1.5889576086147028,0.5987036527679257,1
22.96669451575889,63.36885819250902,10.56831642041168,1.673156648567883,0.5819753363658132,1
25.38383376944548,24.060101714000094,6.340929553408984,1.202707601254978,0.4918286943905926,0
23.24157697191833,62.47010583378612,5.197862519290774,2.491934600020783,0.5229252831914205,0
25.120633735113337,52.61229304055876,5.964185678293059,5.702872576807991,0.36755402169448326,1
35.2682089830392,24.903520744806695,3.964143947379589,0.6751675533071577,0.5154501541138425,1
25.253005555840286,47.498038491719385,3.079994080601997,8.174050048305753,0.2580447245427826,0
43.161910324186955,49.08177722780282,7.245595463383349,3.50473275413472,0.7441395178883015,1
32.466589504404446,29.946472409796545,4.02800634101411,5.199450940230469,0.24862156375896627,0
30.92418061847437,76.74188882001694,4.311924973458751,2.437080890135072,0.16797303191157315,0
25.708211099093933,70.99852228883972,9.851340952118356,4.535799991151109,0.4489968210857259,1
33.501549397044954,60.1413402397465,14.528059975498383,0.04899917551002192,0.6266459516048495,0
27.12181086881113,47.73773366003643,9.054558008390627,5.1175230766798965,0.4501734599468331,0
30.610049073226808,44.70593249507051,1.154692005974494,0.12289994958877459,0.3214033055610469,0
42.800422691343975,59.05840802905725,1.1337542078110046,6.619463206455183,0.5465369471123526,1
29.51970050137675,52.725912164414325,14.27134831268349,14.471003851594293,0.37760186832975995,1
35.74636663142838,23.736386352913136,4.4593618546100044,1.0447068046373955,0.8462941521013064,0
26.48411787437056,50.7501589262199,1.3810047912371315,0.708376951941873,0.8381161116828577,0
29.82505754751519,68.38421703397037,8.985668807255724,4.349151572001476,0.5018974559776764,0
38.85400317817755,47.55439265581748,9.354731674353992,0.8751760702414715,0.36230719521460686,0
26.865164711061162,23.117394653256106,9.727572301780322,6.019965008827791,0.6897059311653113,0
39.062242789984644,67.17669196304199,4.01103041786312,0.3255718493219477,0.1293703547864533,1
33.538759677277376,32.08182692815846,0.2266602632171255,0.40387092574993116,0.479815204834921,0
27.18766612052866,35.51725009328233,14.475230541817078,11.61142775604107,0.3690587154162669,0
33.1620386952776,29.882381205937754,3.7633956853665373,3.3610915277845117,0.8364287080820437,0
34.86277224813365,39.81290389228985,10.140394320788213,5.629741601626128,0.10960242181814604,0
33.10904981108598,65.4050903413181,10.599448048180644,1.176148698852703,0.5422519005746793,1
22.148876400547717,51.16315157023624,9.150111256192286,3.385517798945015,0.6925308648533008,0
26.364314120875658,32.29287644904275,4.693610913204723,2.7059937918170527,0.48801439001923297,0
28.762406822242475,72.66980468912246,4.0664438064609865,2.7725916184090735,0.16832242413017734,0
29.62783285449977,72.77491129709175,8.965024240540547,3.4421391019205934,0.8779691120223218,0
33.10336048775339,72.23470550276042,12.991434504175373,2.569534741836546,0.5144083451008784,0
30.888505004666268,34.32777268289236,14.201005933850933,1.6814259104783316,0.5913489954552091,0
23.323278206449494,47.07436065085929,1.5885870660563643,0.9685713497371954,0.2892878261660059,0
31.900989255029817,79.0993793684525,2.3224291889657978,4.390580365869003,0.486798468085443,0
33.05292872641912,66.32074857859942,14.171043881746195,0.7696063322972015,0.4433195935666575,0
32.7989522396552,21.63004527353359,11.048028425021888,3.5364195084600576,0.159916673601587,0
35.40390362777311,23.912275475629524,13.244907372446596,0.7971074988709608,0.1849282828379738,1
34.16961077274452,47.835882608739965,3.0394895120301473,2.945130282150574,0.7699780156950197,0
32.29590039614219,74.55321235169362,8.813788066641028,4.124025583069052,0.2918559617652722,0
29.649171442706766,52.32210787716285,10.517093916262105,0.7404415704003268,0.25596661719890446,0
21.69519533242004,49.868750482057415,10.20167828170459,0.18544526191352445,0.5039291610001114,0
32.14809109566293,26.328421997397836,6.122275363000472,0.4211458169299118,0.7149977050900104,1
31.038438435815557,59.40680628345764,0.23092337536962715,2.794190017296498,0.14955721486319035,0
31.357894185976868,69.32618963601354,8.743890852063947,5.680308460113265,0.5614463357106046,1
23.616257120898453,42.825200450453735,3.7965230876941316,0.13812182987295768,0.1953683542724587,0
24.594717297958688,66.53671105551965,6.753813692143355,3.974483324858704,0.12916884066049478,0
35.26576426666452,77.8685992340487,14.36371522625726,1.2525461727966518,0.14219516172977392,1
29.802224230716725,32.22598754766135,5.985529764636521,1.9533012199013275,0.7673312865667531,0
33.40750348686312,51.39977787168448,12.5970240999664,7.92929755426726,0.19437798690244926,0
30.141591880652307,37.22827748507453,2.828109086238767,1.2102733463226911,0.13612109152983357,0
30.148780697478728,67.57126514203037,10.086907470375433,1.8783555406417403,0.4503199097143299,1
34.69141902987999,54.65560195286945,14.655104316584152,0.04133064503284753,0.7751947775536199,0
27.41977635891313,58.074945053018226,1.528396513094052,0.25536257908455473,0.30992670119144156,1
30.480603884704916,67.87484957695364,0.12479913340788018,0.8976109393681494,0.4373700940207331,0
27.688623556474788,43.75822835974729,6.503741889489215,0.08474241137616699,0.131938026051001,1
27.82751886283842,74.90540410442259,1.3893822457705078,2.993928889036694,0.4592628113079007,0
28.454139382656802,51.9817320347684,11.22576524514347,1.6674603749687158,0.562090464509707,1
31.110668858168566,29.47728937012088,13.718229957728385,2.383183187200877,0.5567256430017159,0
27.606256891682612,61.75394709012815,6.510314590631382,0.5758329918184188,0.3659413537394921,1
36.278780627867604,67.59568102629527,3.8806746323316146,1.0526411351668286,0.3524265445305085,0
25.52696348890248,39.0057006240516,6.516049785099146,3.270365577446136,0.18529889514927833,0
29.065641779193204,71.43075541992518,10.851717267750015,10.08328225769852,0.3934386565170147,0
27.801344708629124,74.36859528594599,0.13581242370556468,0.1551962991104393,0.17959573509837173,0
37.23488942176866,36.614269242668534,8.841809842270457,6.632324570430354,0.7132767557696413,0
30.982773882557872,79.01128836291332,9.199375273310686,2.5803068742066593,0.8730194381985487,1
35.159222697343175,28.442691682925506,9.565323703439033,2.4897857181874086,0.8760595653333655,1
22.57219813481514,32.1209401041494,3.630331199713158,2.081113218590516,0.7920568795003151,0
31.335251329346296,31.053490354281568,10.710790850671902,0.2157581533471838,0.5806337194716953,1
34.44815397811718,73.63938260047223,1.370872294976646,0.2825260825942684,0.6606925577951039,0
30.41141994637712,59.25755313949771,2.989055047002012,2.755720047635259,0.3281646421443313,0
35.32740187532676,29.126256993336373,13.162050699817229,1.2509066419566,0.6046163361380965,1
27.41355774949814,46.41940510210094,11.080847260898496,7.476448847353648,0.464519639551902,0
37.0467372009279,56.917881504188124,0.20618331017017877,1.5656118743212384,0.48561387182154603,1
41.49449061809625,25.007845099362996,3.725643905547003,0.46393751265208116,0.7062212483001263,0
28.185807197801704,72.94498210444033,3.2160972448974685,3.762840107752729,0.3255346844778013,0
27.77248739299614,68.21621212649211,4.062094920554589,1.0416738808670938,0.354431689355616,0
37.2669223855885,50.31240641459829,3.713396554198296,2.2362932585702566,0.8397134329029093,0
37.89786072865356,78.02759691555022,0.9378944361426861,3.5903241733709867,0.1449794358807778,0
27.385699864233658,45.06565875650598,6.884107748952305,6.915689096712883,0.48850743873067237,1
27.899065914520712,79.04661914218987,10.991002121792476,4.713410483360424,0.8302406403262894,1
28.591076955697464,60.07519992821762,9.100975870761546,3.3843803748527987,0.5882904062545257,1
23.277747444828613,58.08027639523649,10.093075028971196,3.414865904037379,0.5371256593697057,0
25.40674026757901,29.9572937177471,1.2172376780435874,8.752130172927416,0.2997953433834842,0
24.97929616623966,72.91566549827864,14.272360652651809,1.0521812775710429,0.37462039125155866,0
26.161012174479357,45.649381275236905,12.577377507645373,0.003338139095348595,0.7816387326437544,0
29.826575563066093,29.734004346948762,12.07635477743494,0.9521754429729935,0.5473745054147665,0
31.171073662682602,20.75645119854554,12.344757075626513,0.737284942048727,0.5117937550054239,1
37.75250246407038,53.585341018302955,13.99065762199142,3.2526603301771195,0.17966377083202315,0
25.008229796306047,51.64397732736058,8.163809491705466,3.0130028312710575,0.1128225251640985,0
34.92161199238292,63.16121734214951,3.004230268014388,2.7002290650301912,0.8709481509496393,0
28.930055778872454,73.41548318106813,9.251754117788117,0.04913044252302155,0.40158893382947336,0
29.752681451737836,24.76439507858177,11.143222405019085,3.9144534180675823,0.5825704496796035,0
33.37409746083302,63.88978942042174,11.06876090031038,1.172603364043454,0.16377205854982801,1
24.386389892188507,31.244716645854933,7.821735362503201,3.281375677464453,0.6464914285784372,0
31.912048730920255,71.49062318942984,1.0268807900036707,2.4397029983555636,0.8460533669647687,1
30.83226104106528,69.14381083169937,5.566694076451918,1.258985382007003,0.5605322023979358,0
32.462256320040744,52.44762529913266,13.81149912695036,0.43360808212569724,0.20089225790032847,0
31.44584321953909,62.61456791739869,8.76673364636139,0.29753531792670196,0.5653772219787814,0
42.276500699554475,38.861006791024906,8.074979148835702,5.342785010886091,0.7130777704837219,1
26.81130007874342,48.27007393596888,4.0328027157329025,7.517687687748557,0.42513322925921493,1
27.345015224990913,69.2982138626283,5.526733798748683,3.147650181345689,0.8038701983531743,0
26.88429736787618,47.55591183039283,13.43019133729754,0.3275504913792723,0.6189463626858915,0
27.222614404198726,41.46789591952651,9.996945712902535,1.5426301177749,0.819399134631362,0
26.81306436346741,49.65274683501799,11.810805401284993,3.916236388231471,0.5988042489978698,0
35.94508265553776,69.6949551462331,6.8151813460148265,4.539941700871707,0.2050303776038594,1
37.102521239949276,40.11248284225236,9.453708291842368,0.37743337433637175,0.3477533688841513,0
27.14626853125262,30.425695588144627,3.725754131148113,9.21579516474285e-05,0.26143595860196556,0
25.838222134478855,62.72084121984685,10.581912454252294,3.735812297557855,0.8270611981734899,0
32.35707778193202,69.55869276248491,6.41402000555006,1.3229481622436452,0.7083200538299862,0
27.238884778595143,26.038248711412,6.638182722221184,0.881025311000031,0.6411186951280048,0
33.164659088777555,34.39244676535668,9.739834868653224,0.03894409285450616,0.34077305570529737,0
31.0146151042565,28.518319385659634,14.0442093220339,2.3315396570407483,0.24723581764017083,1
22.42127942501384,40.87648469493,0.9600951991293138,5.714463396753837,0.7051608703911295,1
37.737526006650306,47.021058734324754,12.371148560205114,9.484060709321172,0.47932635670326373,0
38.97938836547761,64.92958021779839,4.385746656182897,2.5023697382849837,0.2806316417205033,1
26.93605654757807,59.06885509290045,6.6587918175956675,2.1674890197668275,0.5932975825322201,0
28.061492200320078,57.25571404870587,0.32869993162513433,0.26667851727279035,0.1322670817107616,0
31.429326953624525,41.142496796579266,4.515691167514696,2.3880178282600912,0.3609362033026028,0
31.672283949935125,70.4868531850856,7.539468639451957,1.4340061737243006,0.47484559567290774,0
33.29272136336415,48.27723004388987,0.8426411602115852,2.802869857617494,0.21836666728752469,0
40.05102269383175,78.74629628090926,7.366435940747477,1.4766316327835367,0.8877235820726717,0
29.11526386252975,58.04852829774421,13.90665943287641,0.8244915199901843,0.2672778916716914,0
26.00851377730773,27.575884493870163,1.5808982716170783,0.2993458983147633,0.20428250403461246,1
23.103403859927365,60.57065372452604,11.466610921132565,1.1346521664376756,0.2628278991095171,0
26.345349800290403,39.506240925901935,6.145065800639889,0.30491845615023916,0.7152489065277794,0
29.834365135631014,61.17963180116585,9.82760571786507,0.5840216235236709,0.44040452741747427,0
38.97278931758894,24.178468889744344,3.9035489697784405,13.107013435667671,0.5523327518020305,0
27.411943504819142,30.492886230557563,2.3923839381203744,1.7615197665241467,0.1168073255890886,0
31.118939758194493,71.34423553434718,2.4069392140683963,2.277039052206302,0.12754504685865165,1
29.91788551963624,33.63077342141089,1.0573791846471696,6.205351188376044,0.456660439861613,0
35.94196636724042,70.22246751457641,2.7847005735186454,16.25732258846304,0.7533241945612988,0
42.63466212936811,36.75656530726462,9.963290774834524,2.6219535533404277,0.8081911029660522,0
27.345656135398396,58.572914603522456,13.22535917765262,5.021510466660116,0.16936525407651218,0
27.55280278740889,61.64903441058986,12.211885283867428,1.1877669665288957,0.5306904816808182,0
35.22080438534536,50.759285188703174,10.27701464811726,1.0947433473604944,0.8305837490234164,0
33.409457448131555,38.31864060180388,1.65647795116654,1.5460260268634762,0.4103782035183091,0
39.23353662868017,32.75866258226577,4.337811694439248,3.348868200766408,0.7636526651426949,0
32.91964092662982,21.991361273745575,4.647103129837035,3.4389206230693077,0.20695652351954896,0
28.203539546064704,38.23678407444343,3.7493541959643184,1.1360581243720906,0.848315591734239,1
32.95327415346155,59.18976743187698,7.725084895645847,0.4288753756528333,0.7011386540250422,0
35.54351790291454,76.29828910690895,8.033307223195088,3.0022491145053785,0.8530675142295213,1
34.10241090598682,72.27226893578313,5.353289627566653,0.41201886025559803,0.6412937868420052,1
32.53637015553649,65.96388659211816,5.30683738104654,2.5917531828833775,0.3907231455995416,0
35.33337344794577,67.30684059519791,12.42833396859122,3.5468504626319475,0.8505449380197779,0
35.84647795222836,59.89909420855972,11.839392724795283,3.6180396175346887,0.32045342104734276,0
36.91079495518763,35.61721145396018,4.616937475211184,4.2008404516770375,0.36573801764938607,0
33.24354943794821,74.43170184234978,13.70682665809889,6.187385663695345,0.6606467344013922,0
29.164409598415727,60.243938714350044,14.292225255037591,2.0791955035579686,0.7122530396203091,1
30.733568432166614,53.6264378588264,4.9011381304506125,3.9307700109723323,0.843522787079323,1
36.03254483254179,26.659368152808867,5.316374231895823,2.8962281409718886,0.2638419272449676,0
25.91532164506382,46.82333262838553,7.584512301329383,0.6197441669952547,0.7383984281753792,0
31.843366544364507,47.62149627211558,14.116812188005103,0.07807615899000692,0.6908368427175707,0
28.033305938363196,71.87381657136021,13.144791497134673,1.0044945698264423,0.1510356450028783,1
30.143724114674086,52.798893211267306,1.538519438753847,1.7557516648710998,0.4097785129681656,0
36.39225931303649,42.824032938224576,5.890961149071243,2.8799908361229356,0.3262123656480789,0
30.955495340099517,78.60801971063955,8.300567846246578,5.690546674969022,0.3435923394832243,1
30.232182740780743,26.64323559957894,7.5469870882731005,0.6553850229226328,0.8863575036437606,0
23.200719295100406,45.352905698716675,2.90794601905339,0.4024797642597434,0.6142219307839423,1
33.731267830136105,22.521480510284317,12.88225156752232,9.929681354954933,0.6741409262347997,0
33.22742090570538,64.39424724601582,10.15411174495256,0.343017306323246,0.8812941098520074,0
40.8162736165273,75.08459313194903,12.568625622777054,1.9530866436353027,0.401761425966111,1
28.461108825234994,36.80223977302937,12.881464190242083,2.6425081944718243,0.7414721347622447,0
31.095751638319694,71.50050060794726,11.225337804986097,2.3385634009089777,0.4476247706435963,0
31.246918418553776,37.53309382771387,6.58815901874576,0.2698796726889159,0.7956269374519839,0
37.887266398817374,74.64620969863492,9.158201325231369,0.17615261276088712,0.24452603304904255,0
29.523522338065238,65.23771421580705,2.405481091796147,0.3344155471539345,0.8581489416514237,0
31.395107628851697,68.29440661048632,10.104681262123615,2.6426816042816497,0.27501736672870375,0
33.0394825485827,21.08039333602727,2.6887988360892114,2.358057264488715,0.3609764055847452,0
30.93304561578179,77.76862142444156,10.409243857652353,0.7987043246583887,0.7049537872854245,0
27.767831927247357,63.600259524219396,3.44397241130953,3.046462032475164,0.41500411325232534,1
30.97044996449154,38.285065723168,1.7632695022532996,5.145520529539705,0.5865691014131573,1
35.36815874929886,69.76367989153081,2.4792673521443613,0.12740429533930261,0.4556588008555428,0
24.8674235029447,36.891271904895795,0.02988202828605402,2.0682421334628494,0.6938959496718254,0
30.66484837073438,72.36523037396768,10.781094267802954,3.5068829247029765,0.2826650018948887,0
26.499395925304135,26.75482342471622,10.986015735875686,0.8723082083446762,0.14676638978950163,0
35.97523314462421,62.22115864764775,7.724000248698892,1.103514949314608,0.339943517978453,1
22.384065476081126,52.44190859869462,2.4204420158307554,2.8529408222333967,0.4794469318947442,1
27.205390763642058,25.79206821172645,1.2533150626603462,6.846444866483861,0.23441604175414288,0
31.886059375322603,34.51362969553034,0.28693449655930514,4.981000494116391,0.383837831725111,0
37.827620146171704,20.74424217663889,2.4862226544783104,2.624944145909491,0.41998641463485487,0
29.67124869463506,48.12607792787035,13.362833024747202,3.9304645026386753,0.14591347495061885,0
27.22400236653401,38.07591564560002,3.6230526255252267,1.3615522340615973,0.5666457985473636,0
39.40578534720295,55.90144905786553,5.314069908258235,3.0730106192839344,0.80747474237703,1
22.75993049791878,37.83426846251703,1.5801822672199979,1.8830986684385387,0.22139433036244194,1
19.00597021689959,37.99514669041908,3.3354195712225545,0.6319265716323405,0.5782464107212112,0
32.200072250266665,64.5915919238962,7.788368561703077,3.6293517070661396,0.631791363928677,0
27.489728878236946,22.888570158701206,9.116290246434788,2.4389332350249586,0.4354677443354307,1
24.893835914346433,74.17369971151923,3.680284712493166,1.332406921458754,0.660878069891416,0
33.541782236496765,71.13583246347089,0.8659823883767581,7.268811943705707,0.42858523479280963,0
31.219003568855996,60.06828099358439,5.86549303691098,0.06346903001907808,0.5037098303819479,0
27.179606846316357,55.593294206443055,3.5130505638950122,1.1383972983699875,0.10588243564354159,1
23.59847800664553,73.53814988837914,3.293308848447029,0.17568969923286357,0.6533760913077511,0
34.36228664140072,31.119810771722868,14.397942040701828,4.364070584029307,0.6290741431557796,0
33.251005889793305,24.738149731449717,9.244507288885861,3.6330673253320382,0.13072070186107565,1
29.504120681103085,34.370610194572286,8.353176647581439,1.2074935287047102,0.3946000859161065,1
39.23318498023833,67.67469672201142,6.236626552849829,3.377915636310788,0.883225472633334,1
24.649576168369236,22.080216003589,6.434165001452164,1.5122314689255871,0.43658925005489346,0
22.372374145376305,54.968410105009376,8.113575057571213,4.234883171336191,0.5015563241054734,0
26.540459650593778,79.7262509714786,10.446447105541608,1.816418215391617,0.8279441265277748,1
29.77206991822251,71.34176563025237,10.532191442727441,1.5945125156479851,0.6738095006926051,1
31.21669724661346,51.28674134261537,2.5754086155817433,8.187664414602812,0.5656561048993789,0
28.79381971071835,23.818454557198542,7.501691281149404,0.8665646793742643,0.7382437450728581,0
31.760276982571483,69.88241086314258,6.17937142551153,0.38502552499234316,0.7914930131647786,1
23.74230287904778,55.93871049063263,13.057904494040763,2.63512929728286,0.46551045738981356,1
37.2188230203663,26.89597982357401,9.471283818275646,10.45261012430459,0.4800866919454684,0
29.589244108037157,25.631437089401373,7.987560996239727,1.4236701624514023,0.4088407485214687,0
35.58647915794064,74.57760916619554,1.7309196326837606,0.19213357313429508,0.8733649120147685,0
31.71362673188852,60.152015776284706,9.084568339851172,1.2433901168839823,0.6577330034322804,0
32.28376609576892,69.75720795900534,1.7580585852035013,2.1152442593522114,0.16657845296645785,0
32.84883640116102,72.73873401693604,5.058098633486281,0.5299359155800327,0.7903676986504148,0
32.23854280008658,54.30634112289933,2.142629472214978,3.219730409400409,0.4844479526690145,0
33.21361379933772,51.04678110530247,10.381104705365534,18.289660645821478,0.15500312513798997,0
36.64576265066216,45.82564461925941,3.093781707542289,1.8030140886362775,0.5397738041306489,0
30.98260584850735,39.01679526746716,5.8778905978203895,1.3142526253106976,0.4337314231805617,1
33.54501878794256,46.07575765152271,13.43512166428168,1.535999773133764,0.8021995238901,0
29.551321528563868,66.43277934380939,3.0647457509845544,0.3669984628342045,0.26319568288750994,0
37.200586077247365,56.11540586090789,7.617075959381687,6.443767669237754,0.7611716875937463,1
26.61803848970365,73.55139739729077,6.28907491749033,1.6075363542030279,0.5461509529483622,0
39.004702164554075,46.602800862751266,0.271860615685946,1.4695142894824265,0.14368824257077525,1
29.799210246778284,56.425374723125245,11.891371703592192,3.233697342230327,0.8774762410603877,1
22.84612448940976,57.87845318551932,1.0356885947189958,1.7503686376090508,0.51009219528256,0
30.640522074553946,55.501829738379534,7.113825314654304,3.1343627612980294,0.332701483385266,1
26.594741712625595,62.15802638513098,8.41017442408425,0.1902455853322173,0.4755254735914065,0
34.20321774494362,34.246008102488375,9.426396849218806,5.041566933026433,0.7862862268139912,0
26.736880103488044,50.741826652747434,10.329474439618133,8.465536210756184,0.3439224995080508,0
27.769082833926102,26.25348816850086,3.7990857528407265,3.138902589918276,0.2541411171893603,0
20.552296345272346,43.07067965868875,0.1496816498767406,9.274478969185267,0.20325699754470516,1
27.738468403754617,49.26002411727586,10.85165493532368,0.4926162796925454,0.338287518712169,0
17.88060336685522,59.13345557272835,8.034848990213678,1.946909715293784,0.7240384696320348,0
22.080485882571384,77.0318631551722,12.541765548108732,2.7624533953739534,0.4773010921562094,0
33.80207328072149,56.039063992901355,12.320825443510413,2.61493204425049,0.281985282954832,0
33.92900079325416,64.61563497059359,12.649892516818248,1.539794684555873,0.23294799968779936,0
32.12728780892483,50.37596356971217,7.276419899693102,1.2378517133110405,0.3661835812083033,0
25.165119284353935,58.04624188257988,5.004425937552985,0.4068544968661345,0.8519394983085671,1
29.7614432192901,24.255932968026407,11.87337303887055,1.4914706569820435,0.3744213700720195,0
29.981987304547157,35.26349485051082,6.769411695438824,0.5325781552714175,0.8904992607637083,1
24.208176554037287,41.711185592308325,2.751632946051518,3.9769039189645987,0.488184364612285,0
37.51699150883575,48.349601300390816,12.824610293422115,0.7027307967010848,0.24333113463212072,1
34.386811452878355,22.738924730143026,13.238398151585208,0.18105088893580262,0.8129120734348075,1
28.89517913085168,28.40144585319906,6.994646342102552,2.411338957888153,0.4682842985078616,0
30.134429194972654,36.60885846747834,1.135495909646812,2.7133068423008164,0.6677370748036195,0
31.04191403973776,78.29196145406304,5.817391348753969,6.165138110623012,0.8869692665673214,1
19.791325657878545,39.88082042618305,12.05306489193905,2.581018894256651,0.14014028025597922,0
28.764113087397014,48.92246348672495,13.52661042819343,1.2715633223181793,0.17735564783005373,1
26.590078760011007,31.765862764303577,3.0520911374639375,4.873835593138072,0.6763653931702049,0
24.991899950525422,56.6468042645461,1.0046041803790728,2.3314057887140756,0.32546000263637764,0
28.594498535570224,36.84099293095846,13.16025679699258,0.24779884638523159,0.24744111756007925,0
38.988432634247616,32.419554706305604,5.84107408468313,2.5030994192238105,0.13148950385578362,1
33.20421430633505,50.99435770675875,8.126414464013449,7.158504908770362,0.11747736958896145,0
27.144105051086015,20.33034794962525,14.520987180761384,1.5140964207861356,0.7195884824958327,1
32.86291390678079,20.45984195895352,0.9984709187133428,1.0543194501973192,0.20754674189564,1
